Workbook

Sheet 出力用
C4: =支点応力まとめ!AQ6 -> Y方向 | D4: =支点応力まとめ!AR6 -> X方向 | E4: 一貫計算：柱脚応力 | J4: 杭
E5: =支点応力まとめ!AS6 -> XL柱脚Q(kN) | F5: =支点応力まとめ!AT6 -> XR柱脚Q(kN) | G5: =支点応力まとめ!AU6 -> YL柱脚Q(kN) | H5: =支点応力まとめ!AV6 -> YR柱脚Q(kN) | I5: =支点応力まとめ!AW6&"Nc(kN)" -> 長期柱軸力Nc(kN) | J5: =支点応力まとめ!BA6&" NL" -> 長期支点反力(kN) NL
C6: =支点応力まとめ!AY7 -> Y1 | D6: =支点応力まとめ!AZ7 -> x21 | E6: =支点応力まとめ!AS7 -> 949.6 | F6: =支点応力まとめ!AT7 -> -48.4 | G6: =支点応力まとめ!AU7 -> 870.6 | H6: =支点応力まとめ!AV7 -> -5 | I6: =支点応力まとめ!AW7 -> 1108.5 | J6: =支点応力まとめ!BA7 -> 2460.4
C7: =支点応力まとめ!AY8 -> Y2 | D7: =支点応力まとめ!AZ8 -> x21 | E7: =支点応力まとめ!AS8 -> 49.6 | F7: =支点応力まとめ!AT8 -> -49.1 | G7: =支点応力まとめ!AU8 -> 5.4 | H7: =支点応力まとめ!AV8 -> -829 | I7: =支点応力まとめ!AW8 -> 1876.8 | J7: =支点応力まとめ!BA8 -> 3459.4
C8: =支点応力まとめ!AY9 -> Y3 | D8: =支点応力まとめ!AZ9 -> x21 | E8: =支点応力まとめ!AS9 -> 49.6 | F8: =支点応力まとめ!AT9 -> -48.5 | G8: =支点応力まとめ!AU9 -> 18.1 | H8: =支点応力まとめ!AV9 -> -18.8 | I8: =支点応力まとめ!AW9 -> 1357.5 | J8: =支点応力まとめ!BA9 -> 2588.4
C9: =支点応力まとめ!AY10 -> Y4 | D9: =支点応力まとめ!AZ10 -> x21 | E9: =支点応力まとめ!AS10 -> 2.3 | F9: =支点応力まとめ!AT10 -> -2.2 | G9: =支点応力まとめ!AU10 -> 19.6 | H9: =支点応力まとめ!AV10 -> -19.2 | I9: =支点応力まとめ!AW10 -> 898.5 | J9: =支点応力まとめ!BA10 -> 1731.7
C10: =支点応力まとめ!AY11 -> Y5 | D10: =支点応力まとめ!AZ11 -> x21 | E10: =支点応力まとめ!AS11 -> 2.9 | F10: =支点応力まとめ!AT11 -> -2.8 | G10: =支点応力まとめ!AU11 -> 29.9 | H10: =支点応力まとめ!AV11 -> -29.7 | I10: =支点応力まとめ!AW11 -> 893.1 | J10: =支点応力まとめ!BA11 -> 1736.7
C11: =支点応力まとめ!AY12 -> Y6 | D11: =支点応力まとめ!AZ12 -> x21 | E11: =支点応力まとめ!AS12 -> 523.6 | F11: =支点応力まとめ!AT12 -> -5.8 | G11: =支点応力まとめ!AU12 -> 61 | H11: =支点応力まとめ!AV12 -> -60.5 | I11: =支点応力まとめ!AW12 -> 781.8 | J11: =支点応力まとめ!BA12 -> 1613.5
C12: =支点応力まとめ!AY13 -> Y7 | D12: =支点応力まとめ!AZ13 -> x21 | E12: =支点応力まとめ!AS13 -> 31.7 | F12: =支点応力まとめ!AT13 -> -6.1 | G12: =支点応力まとめ!AU13 -> 44.5 | H12: =支点応力まとめ!AV13 -> -43 | I12: =支点応力まとめ!AW13 -> 400 | J12: =支点応力まとめ!BA13 -> 2414.7
C13: =支点応力まとめ!AY14 -> Y8 | D13: =支点応力まとめ!AZ14 -> x21 | E13: 0 | F13: 0 | G13: 0 | H13: 0 | I13: 0 | J13: =支点応力まとめ!BA14 -> 2189.1
C14: =支点応力まとめ!AY15 -> Y9 | D14: =支点応力まとめ!AZ15 -> x21 | E14: 0 | F14: 0 | G14: 0 | H14: 0 | I14: 0 | J14: =支点応力まとめ!BA15 -> 2113.2
C15: =支点応力まとめ!AY16 -> Y10 | D15: =支点応力まとめ!AZ16 -> x21 | E15: 0 | F15: 0 | G15: 0 | H15: 0 | I15: 0 | J15: =支点応力まとめ!BA16 -> 953.5
C16: =支点応力まとめ!AY17 -> Y1 | D16: =支点応力まとめ!AZ17 -> x22 | E16: =支点応力まとめ!AS14 -> 41.6 | F16: =支点応力まとめ!AT14 -> -988.4 | G16: =支点応力まとめ!AU14 -> 4.5 | H16: =支点応力まとめ!AV14 -> -4.5 | I16: =支点応力まとめ!AW14 -> 407.1 | J16: =支点応力まとめ!BA17 -> 1523
C17: =支点応力まとめ!AY18 -> Y2 | D17: =支点応力まとめ!AZ18 -> x22 | E17: =支点応力まとめ!AS15 -> 46.7 | F17: =支点応力まとめ!AT15 -> -45.7 | G17: =支点応力まとめ!AU15 -> 4.6 | H17: =支点応力まとめ!AV15 -> -4.4 | I17: =支点応力まとめ!AW15 -> 691.4 | J17: =支点応力まとめ!BA18 -> 2087
C18: =支点応力まとめ!AY19 -> Y3 | D18: =支点応力まとめ!AZ19 -> x22 | E18: =支点応力まとめ!AS16 -> 44.2 | F18: =支点応力まとめ!AT16 -> -43.2 | G18: =支点応力まとめ!AU16 -> 16.9 | H18: =支点応力まとめ!AV16 -> -16.4 | I18: =支点応力まとめ!AW16 -> 702.4 | J18: =支点応力まとめ!BA19 -> 1460.1
C19: =支点応力まとめ!AY20 -> Y4 | D19: =支点応力まとめ!AZ20 -> x22 | E19: =支点応力まとめ!AS17 -> 2.3 | F19: =支点応力まとめ!AT17 -> -2.2 | G19: =支点応力まとめ!AU17 -> 18.3 | H19: =支点応力まとめ!AV17 -> -18 | I19: =支点応力まとめ!AW17 -> 895.1 | J19: =支点応力まとめ!BA20 -> 1732.1
C20: =支点応力まとめ!AY21 -> Y5 | D20: =支点応力まとめ!AZ21 -> x22 | E20: =支点応力まとめ!AS18 -> 2.9 | F20: =支点応力まとめ!AT18 -> -2.8 | G20: =支点応力まとめ!AU18 -> 28.7 | H20: =支点応力まとめ!AV18 -> -26.7 | I20: =支点応力まとめ!AW18 -> 895.1 | J20: =支点応力まとめ!BA21 -> 1735.5
C21: =支点応力まとめ!AY22 -> Y6 | D21: =支点応力まとめ!AZ22 -> x22 | E21: =支点応力まとめ!AS19 -> 5.9 | F21: =支点応力まとめ!AT19 -> -512.9 | G21: =支点応力まとめ!AU19 -> 738.6 | H21: =支点応力まとめ!AV19 -> -52.1 | I21: =支点応力まとめ!AW19 -> 783.1 | J21: =支点応力まとめ!BA22 -> 1627.3
C22: =支点応力まとめ!AY23 -> Y7 | D22: =支点応力まとめ!AZ23 -> x22 | E22: =支点応力まとめ!AS20 -> 6.2 | F22: =支点応力まとめ!AT20 -> -30.8 | G22: =支点応力まとめ!AU20 -> 34.3 | H22: =支点応力まとめ!AV20 -> -744.3 | I22: =支点応力まとめ!AW20 -> 401.9 | J22: =支点応力まとめ!BA23 -> 1924.9
C23: =支点応力まとめ!AY24 -> Y8 | D23: =支点応力まとめ!AZ24 -> x22 | E23: 0 | F23: 0 | G23: 0 | H23: 0 | I23: 0 | J23: =支点応力まとめ!BA24 -> 2186.8
C24: =支点応力まとめ!AY25 -> Y9 | D24: =支点応力まとめ!AZ25 -> x22 | E24: 0 | F24: 0 | G24: 0 | H24: 0 | I24: 0 | J24: =支点応力まとめ!BA25 -> 2113.7
C25: =支点応力まとめ!AY26 -> Y10 | D25: =支点応力まとめ!AZ26 -> x22 | E25: 0 | F25: 0 | G25: 0 | H25: 0 | I25: 0 | J25: =支点応力まとめ!BA26 -> 953.5

Sheet 支点応力まとめ
A6: フーチング | B6: 整理名称 | C6: 軸 | D6: 通 | E6: 長期 | F6: 軸 | G6: 通 | H6: 短期 max | I6: 軸 | J6: 通 | K6: 短期 min | X6: Qc | Y6: N | Z6: Nc | AA6: Qs | AE6: Qc | AF6: N | AG6: Nc | AH6: Qs | AL6: Qc | AM6: N | AN6: Nc | AO6: Qs | AQ6: {=柱脚応力!B1:C15} -> Y方向 | AR6: X方向 | AS6: {=柱脚応力!F1:F15} -> XL柱脚Q(kN) | AT6: {=柱脚応力!I1:I15} -> XR柱脚Q(kN) | AU6: {=柱脚応力!L1:L15} -> YL柱脚Q(kN) | AV6: {=柱脚応力!O1:O15} -> YR柱脚Q(kN) | AW6: {=柱脚応力!Q1:Q15} -> 長期柱軸力 | AY6: 通 | AZ6: 軸 | BA6: 長期支点反力(kN) | BD6: ** | BF6: Y1 | BG6: Y2 | BH6: Y3 | BI6: Y4 | BJ6: Y5 | BK6: Y6 | BL6: y7 | BM6: y8 | BN6: Y9 | BO6: Y10
M7: 長期参照 | N7: F名 | O7: max参照 | P7: F名 | Q7: min参照 | R7: F名 | S7: 長期チェック | T7: maxチェック | U7: minチェック | W7: XL | X7: =ABS(SUMIFS(柱脚応力!$F:$F,柱脚応力!$C:$C,"x2?")) -> 1759.1 | Y7: =SUMIFS($E$33:$E$152,$C$33:$C$152,"x2?") -> 38604.5 | Z7: =SUMIFS(柱脚応力!$Q:$Q,柱脚応力!$C:$C,"x2?") -> 12092.3 | AA7: =X7+0.1*0.9*(Y7-Z7) -> 4145.198 | AC7: YL | AD7: X21-Y1/Y2 | AE7: =SUM(AU7:AU8) -> 876 | AF7: =SUM($BA$7:$BA$8) -> 5919.8 | AG7: =SUM(AW7:AW8) -> 2985.3 | AH7: =AE7+0.1*0.9*(AF7-AG7) -> 1140.105 | AJ7: XL | AK7: Y1 | AL7: =ABS(SUMIFS(柱脚応力!$F:$F,柱脚応力!$C:$C,"x2?",柱脚応力!$B:$B,AK7)) -> 991.2 | AM7: =SUMIFS($E$33:$E$152,$C$33:$C$152,"x2?",$B$33:$B$152,AK7) -> 3983.4 | AN7: =SUMIFS(柱脚応力!$Q:$Q, 柱脚応力!$C:$C,"x2?",柱脚応力!$B:$B,AK7) -> 1515.6 | AO7: =AL7+0.1*0.9*(AM7-AN7) -> 1213.302 | AQ7: y1 | AR7: x21 | AS7: 949.6 | AT7: -48.4 | AU7: 870.6 | AV7: -5 | AW7: 1108.5 | AY7: Y1 | AZ7: x21 | BA7: =$E$43 -> 2460.4 | BD7: AXL2 | BE7: X22 | BF7: 200 | BG7: 200 | BH7: 200 | BI7: 200 | BJ7: 200 | BK7: 200 | BL7: 200 | BM7: 200 | BN7: 200 | BO7: 200
A8: F10,F10A,F10B,F10C | B8: F10 | C8: {=INDEX($B$33:$B$156,M8)} -> y8 | D8: {=INDEX($C$33:$C$156,M8)} -> x9 | E8: {=MAX(IF($AC$33:$AC$156=$B8,$Z$33:$Z$156,""))} -> 5244.2 | F8: {=INDEX($B$33:$B$156,O8)} -> y2 | G8: {=INDEX($C$33:$C$156,O8)} -> x7 | H8: {=MAX(IF($AC$33:$AC$156=$B8,$AA$33:$AA$156,""))} -> 6396.35 | I8: {=INDEX($B$33:$B$156,Q8)} -> y1 | J8: {=INDEX($C$33:$C$156,Q8)} -> x22 | K8: {=MIN(IF($AC$33:$AC$156=$B8,$AB$33:$AB$156,""))} -> 703.9 | M8: {=MATCH(MAX(IF($AC$33:$AC$156=$B8,$Z$33:$Z$156,"")),$Z$33:$Z$156,0)} -> 93 | N8: {=INDEX($AC$33:$AC$156,M8)} -> F10 | O8: {=MATCH(MAX(IF($AC$33:$AC$156=$B8,$AA$33:$AA$156,"")),$AA$33:$AA$156,0)} -> 19 | P8: {=INDEX($AC$33:$AC$156,O8)} -> F10 | Q8: {=MATCH(MIN(IF($AC$33:$AC$156=$B8,$AB$33:$AB$156,"")),$AB$33:$AB$156,0)} -> 12 | R8: {=INDEX($AC$33:$AC$156,Q8)} -> F10 | S8: =IF($B8=N8,"OK","NG") -> OK | T8: =IF($B8=P8,"OK","NG") -> OK | U8: =IF($B8=R8,"OK","NG") -> OK | W8: XR | X8: =ABS(SUMIFS(柱脚応力!$I:$I,柱脚応力!$C:$C,"x2?")) -> 1788.9 | Y8: =SUMIFS($E$33:$E$152,$C$33:$C$152,"x2?") -> 38604.5 | Z8: =SUMIFS(柱脚応力!$Q:$Q,柱脚応力!$C:$C,"x2?") -> 12092.3 | AA8: =X8+0.1*0.9*(Y8-Z8) -> 4174.998 | AC8: YL | AD8: X21-Y3/Y6 | AE8: =SUM(AU9:AU12) -> 128.6 | AF8: =SUM($BA$9:$BA$12) -> 7670.3 | AG8: =SUM(AW9:AW12) -> 3930.9 | AH8: =AE8+0.1*0.9*(AF8-AG8) -> 465.146 | AJ8: XL | AK8: Y2 | AL8: =ABS(SUMIFS(柱脚応力!$F:$F,柱脚応力!$C:$C,"x2?",柱脚応力!$B:$B,AK8)) -> 96.3 | AM8: =SUMIFS($E$33:$E$152,$C$33:$C$152,"x2?",$B$33:$B$152,AK8) -> 5546.4 | AN8: =SUMIFS(柱脚応力!$Q:$Q, 柱脚応力!$C:$C,"x2?",柱脚応力!$B:$B,AK8) -> 2568.2 | AO8: =AL8+0.1*0.9*(AM8-AN8) -> 364.338 | AQ8: y2 | AR8: x21 | AS8: 49.6 | AT8: -49.1 | AU8: 5.4 | AV8: -829 | AW8: 1876.8 | AY8: Y2 | AZ8: x21 | BA8: =$E$55 -> 3459.4 | BD8: AXL2 | BE8: X21 | BF8: 200 | BG8: 200 | BH8: 200 | BI8: 200 | BJ8: 200 | BK8: 200 | BL8: 200 | BM8: 200 | BN8: 200 | BO8: 200
A9: F11 | B9: F11 | C9: {=INDEX($B$33:$B$156,M9)} -> y9 | D9: {=INDEX($C$33:$C$156,M9)} -> x9 | E9: {=MAX(IF($AC$33:$AC$156=$B9,$Z$33:$Z$156,""))} -> 4240.1 | F9: {=INDEX($B$33:$B$156,O9)} -> y9 | G9: {=INDEX($C$33:$C$156,O9)} -> x9 | H9: {=MAX(IF($AC$33:$AC$156=$B9,$AA$33:$AA$156,""))} -> 5163.35 | I9: {=INDEX($B$33:$B$156,Q9)} -> y9 | J9: {=INDEX($C$33:$C$156,Q9)} -> x9 | K9: {=MIN(IF($AC$33:$AC$156=$B9,$AB$33:$AB$156,""))} -> 3591 | M9: {=MATCH(MAX(IF($AC$33:$AC$156=$B9,$Z$33:$Z$156,"")),$Z$33:$Z$156,0)} -> 105 | N9: {=INDEX($AC$33:$AC$156,M9)} -> F11 | O9: {=MATCH(MAX(IF($AC$33:$AC$156=$B9,$AA$33:$AA$156,"")),$AA$33:$AA$156,0)} -> 105 | P9: {=INDEX($AC$33:$AC$156,O9)} -> F11 | Q9: {=MATCH(MIN(IF($AC$33:$AC$156=$B9,$AB$33:$AB$156,"")),$AB$33:$AB$156,0)} -> 105 | R9: {=INDEX($AC$33:$AC$156,Q9)} -> F11 | S9: =IF($B9=N9,"OK","NG") -> OK | T9: =IF($B9=P9,"OK","NG") -> OK | U9: =IF($B9=R9,"OK","NG") -> OK | W9: YL | X9: =ABS(SUMIFS(柱脚応力!$L:$L,柱脚応力!$C:$C,"x2?")) -> 1895 | Y9: =SUMIFS($E$33:$E$152,$C$33:$C$152,"x2?") -> 38604.5 | Z9: =SUMIFS(柱脚応力!$Q:$Q,柱脚応力!$C:$C,"x2?") -> 12092.3 | AA9: =X9+0.1*0.9*(Y9-Z9) -> 4281.098 | AC9: YL | AD9: X21-Y7/Y10 | AE9: =SUM(AU13) -> 44.5 | AF9: =SUM($BA$13:$BA$16) -> 7670.5 | AG9: =SUM(AW13) -> 400 | AH9: =AE9+0.1*0.9*(AF9-AG9) -> 698.845 | AJ9: XL | AK9: Y3 | AL9: =ABS(SUMIFS(柱脚応力!$F:$F,柱脚応力!$C:$C,"x2?",柱脚応力!$B:$B,AK9)) -> 93.8 | AM9: =SUMIFS($E$33:$E$152,$C$33:$C$152,"x2?",$B$33:$B$152,AK9) -> 4048.5 | AN9: =SUMIFS(柱脚応力!$Q:$Q, 柱脚応力!$C:$C,"x2?",柱脚応力!$B:$B,AK9) -> 2059.9 | AO9: =AL9+0.1*0.9*(AM9-AN9) -> 272.774 | AQ9: y3 | AR9: x21 | AS9: 49.6 | AT9: -48.5 | AU9: 18.1 | AV9: -18.8 | AW9: 1357.5 | AY9: Y3 | AZ9: x21 | BA9: =$E$67 -> 2588.4 | BD9: AXL2 | BE9: X10 | BF9: 280 | BG9: 280 | BH9: 280 | BI9: 280 | BJ9: 280 | BK9: 280 | BL9: 280 | BM9: 280 | BN9: 280 | BO9: 280
A10: F20A,F20C,F20D | B10: F20 | C10: {=INDEX($B$33:$B$156,M10)} -> y7 | D10: {=INDEX($C$33:$C$156,M10)} -> x10 | E10: {=MAX(IF($AC$33:$AC$156=$B10,$Z$33:$Z$156,""))} -> 3364.8 | F10: {=INDEX($B$33:$B$156,O10)} -> y1 | G10: {=INDEX($C$33:$C$156,O10)} -> x4 | H10: {=MAX(IF($AC$33:$AC$156=$B10,$AA$33:$AA$156,""))} -> 4662.95 | I10: {=INDEX($B$33:$B$156,Q10)} -> y6 | J10: {=INDEX($C$33:$C$156,Q10)} -> x21 | K10: {=MIN(IF($AC$33:$AC$156=$B10,$AB$33:$AB$156,""))} -> 1279.9 | M10: {=MATCH(MAX(IF($AC$33:$AC$156=$B10,$Z$33:$Z$156,"")),$Z$33:$Z$156,0)} -> 82 | N10: {=INDEX($AC$33:$AC$156,M10)} -> F20 | O10: {=MATCH(MAX(IF($AC$33:$AC$156=$B10,$AA$33:$AA$156,"")),$AA$33:$AA$156,0)} -> 4 | P10: {=INDEX($AC$33:$AC$156,O10)} -> F20 | Q10: {=MATCH(MIN(IF($AC$33:$AC$156=$B10,$AB$33:$AB$156,"")),$AB$33:$AB$156,0)} -> 71 | R10: {=INDEX($AC$33:$AC$156,Q10)} -> F20 | S10: =IF($B10=N10,"OK","NG") -> OK | T10: =IF($B10=P10,"OK","NG") -> OK | U10: =IF($B10=R10,"OK","NG") -> OK | W10: YR | X10: =ABS(SUMIFS(柱脚応力!$O:$O,柱脚応力!$C:$C,"x2?")) -> 1871.6 | Y10: =SUMIFS($E$33:$E$152,$C$33:$C$152,"x2?") -> 38604.5 | Z10: =SUMIFS(柱脚応力!$Q:$Q,柱脚応力!$C:$C,"x2?") -> 12092.3 | AA10: =X10+0.1*0.9*(Y10-Z10) -> 4257.698 | AC10: YL | AD10: X22-Y1/Y2 | AE10: =SUM(AU14:AU15) -> 9.1 | AF10: =SUM($BA$17:$BA$18) -> 3610 | AG10: =SUM(AW14:AW15) -> 1098.5 | AH10: =AE10+0.1*0.9*(AF10-AG10) -> 235.135 | AJ10: XL | AK10: Y4 | AL10: =ABS(SUMIFS(柱脚応力!$F:$F,柱脚応力!$C:$C,"x2?",柱脚応力!$B:$B,AK10)) -> 4.6 | AM10: =SUMIFS($E$33:$E$152,$C$33:$C$152,"x2?",$B$33:$B$152,AK10) -> 3463.8 | AN10: =SUMIFS(柱脚応力!$Q:$Q, 柱脚応力!$C:$C,"x2?",柱脚応力!$B:$B,AK10) -> 1793.6 | AO10: =AL10+0.1*0.9*(AM10-AN10) -> 154.918 | AQ10: y4 | AR10: x21 | AS10: 2.3 | AT10: -2.2 | AU10: 19.6 | AV10: -19.2 | AW10: 898.5 | AY10: Y4 | AZ10: x21 | BA10: =$E$79 -> 1731.7 | BD10: AXL2 | BE10: X9 | BF10: 300 | BG10: 300 | BH10: 300 | BI10: 300 | BJ10: 300 | BK10: 300 | BL10: 300 | BM10: 300 | BN10: 300 | BO10: 300
A11: F21,F21B,F21C | B11: F21 | C11: {=INDEX($B$33:$B$156,M11)} -> y10 | D11: {=INDEX($C$33:$C$156,M11)} -> x2 | E11: {=MAX(IF($AC$33:$AC$156=$B11,$Z$33:$Z$156,""))} -> 3192.1 | F11: {=INDEX($B$33:$B$156,O11)} -> y1 | G11: {=INDEX($C$33:$C$156,O11)} -> x7 | H11: {=MAX(IF($AC$33:$AC$156=$B11,$AA$33:$AA$156,""))} -> 4859.7 | I11: {=INDEX($B$33:$B$156,Q11)} -> y5 | J11: {=INDEX($C$33:$C$156,Q11)} -> x1 | K11: {=MIN(IF($AC$33:$AC$156=$B11,$AB$33:$AB$156,""))} -> 1365.8 | M11: {=MATCH(MAX(IF($AC$33:$AC$156=$B11,$Z$33:$Z$156,"")),$Z$33:$Z$156,0)} -> 110 | N11: {=INDEX($AC$33:$AC$156,M11)} -> F21 | O11: {=MATCH(MAX(IF($AC$33:$AC$156=$B11,$AA$33:$AA$156,"")),$AA$33:$AA$156,0)} -> 7 | P11: {=INDEX($AC$33:$AC$156,O11)} -> F21 | Q11: {=MATCH(MIN(IF($AC$33:$AC$156=$B11,$AB$33:$AB$156,"")),$AB$33:$AB$156,0)} -> 49 | R11: {=INDEX($AC$33:$AC$156,Q11)} -> F21 | S11: =IF($B11=N11,"OK","NG") -> OK | T11: =IF($B11=P11,"OK","NG") -> OK | U11: =IF($B11=R11,"OK","NG") -> OK | AC11: YL | AD11: X22-Y3/Y6 | AE11: =SUM(AU16:AU19) -> 802.5 | AF11: =SUM($BA$19:$BA$22) -> 6555 | AG11: =SUM(AW16:AW19) -> 3275.7 | AH11: =AE11+0.1*0.9*(AF11-AG11) -> 1097.637 | AJ11: XL | AK11: Y5 | AL11: =ABS(SUMIFS(柱脚応力!$F:$F,柱脚応力!$C:$C,"x2?",柱脚応力!$B:$B,AK11)) -> 5.8 | AM11: =SUMIFS($E$33:$E$152,$C$33:$C$152,"x2?",$B$33:$B$152,AK11) -> 3472.2 | AN11: =SUMIFS(柱脚応力!$Q:$Q, 柱脚応力!$C:$C,"x2?",柱脚応力!$B:$B,AK11) -> 1788.2 | AO11: =AL11+0.1*0.9*(AM11-AN11) -> 157.36 | AQ11: y5 | AR11: x21 | AS11: 2.9 | AT11: -2.8 | AU11: 29.9 | AV11: -29.7 | AW11: 893.1 | AY11: Y5 | AZ11: x21 | BA11: =$E$91 -> 1736.7 | BD11: AXL2 | BE11: X8 | BF11: 280 | BG11: 210 | BH11: 210 | BI11: 210 | BJ11: 210 | BK11: 210 | BL11: 210 | BM11: 210 | BN11: 210 | BO11: 280
A12: F30,F30B,F30C | B12: F30 | C12: {=INDEX($B$33:$B$156,M12)} -> y9 | D12: {=INDEX($C$33:$C$156,M12)} -> x10 | E12: {=MAX(IF($AC$33:$AC$156=$B12,$Z$33:$Z$156,""))} -> 2471.5 | F12: {=INDEX($B$33:$B$156,O12)} -> y10 | G12: {=INDEX($C$33:$C$156,O12)} -> x7 | H12: {=MAX(IF($AC$33:$AC$156=$B12,$AA$33:$AA$156,""))} -> 4174 | I12: {=INDEX($B$33:$B$156,Q12)} -> y1 | J12: {=INDEX($C$33:$C$156,Q12)} -> x1 | K12: {=MIN(IF($AC$33:$AC$156=$B12,$AB$33:$AB$156,""))} -> 623.1 | M12: {=MATCH(MAX(IF($AC$33:$AC$156=$B12,$Z$33:$Z$156,"")),$Z$33:$Z$156,0)} -> 106 | N12: {=INDEX($AC$33:$AC$156,M12)} -> F30 | O12: {=MATCH(MAX(IF($AC$33:$AC$156=$B12,$AA$33:$AA$156,"")),$AA$33:$AA$156,0)} -> 115 | P12: {=INDEX($AC$33:$AC$156,O12)} -> F30 | Q12: {=MATCH(MIN(IF($AC$33:$AC$156=$B12,$AB$33:$AB$156,"")),$AB$33:$AB$156,0)} -> 1 | R12: {=INDEX($AC$33:$AC$156,Q12)} -> F30 | S12: =IF($B12=N12,"OK","NG") -> OK | T12: =IF($B12=P12,"OK","NG") -> OK | U12: =IF($B12=R12,"OK","NG") -> OK | X12: Qall | Y12: Qs | Z12: Qm | AA12: 決定本体 | AC12: YL | AD12: X22-Y7/Y10 | AE12: =SUM(AU20) -> 34.3 | AF12: =SUM($BA$23:$BA$26) -> 7178.9 | AG12: =SUM(AW20) -> 401.9 | AH12: =AE12+0.1*0.9*(AF12-AG12) -> 644.23 | AJ12: XL | AK12: Y6 | AL12: =ABS(SUMIFS(柱脚応力!$F:$F,柱脚応力!$C:$C,"x2?",柱脚応力!$B:$B,AK12)) -> 529.5 | AM12: =SUMIFS($E$33:$E$152,$C$33:$C$152,"x2?",$B$33:$B$152,AK12) -> 3240.8 | AN12: =SUMIFS(柱脚応力!$Q:$Q, 柱脚応力!$C:$C,"x2?",柱脚応力!$B:$B,AK12) -> 1564.9 | AO12: =AL12+0.1*0.9*(AM12-AN12) -> 680.331 | AQ12: y6 | AR12: x21 | AS12: 523.6 | AT12: -5.8 | AU12: 61 | AV12: -60.5 | AW12: 781.8 | AY12: Y6 | AZ12: x21 | BA12: =$E$103 -> 1613.5 | BD12: AXL2 | BE12: X7 | BF12: 280 | BG12: 210 | BH12: 210 | BI12: 210 | BJ12: 210 | BK12: 210 | BL12: 210 | BM12: 210 | BN12: 210 | BO12: 280
C13: {=INDEX($B$33:$B$156,M13)} -> 0 | D13: {=INDEX($C$33:$C$156,M13)} -> 0 | E13: {=MAX(IF($AC$33:$AC$156=$B13,$Z$33:$Z$156,""))} -> 0 | F13: {=INDEX($B$33:$B$156,O13)} -> 0 | G13: {=INDEX($C$33:$C$156,O13)} -> 0 | H13: {=MAX(IF($AC$33:$AC$156=$B13,$AA$33:$AA$156,""))} -> 0 | I13: {=INDEX($B$33:$B$156,Q13)} -> 0 | J13: {=INDEX($C$33:$C$156,Q13)} -> 0 | K13: {=MIN(IF($AC$33:$AC$156=$B13,$AB$33:$AB$156,""))} -> 0 | M13: {=MATCH(MAX(IF($AC$33:$AC$156=$B13,$Z$33:$Z$156,"")),$Z$33:$Z$156,0)} -> 121 | N13: {=INDEX($AC$33:$AC$156,M13)} -> 0 | O13: {=MATCH(MAX(IF($AC$33:$AC$156=$B13,$AA$33:$AA$156,"")),$AA$33:$AA$156,0)} -> 121 | P13: {=INDEX($AC$33:$AC$156,O13)} -> 0 | Q13: {=MATCH(MIN(IF($AC$33:$AC$156=$B13,$AB$33:$AB$156,"")),$AB$33:$AB$156,0)} -> 121 | R13: {=INDEX($AC$33:$AC$156,Q13)} -> 0 | S13: =IF($B13=N13,"OK","NG") -> OK | T13: =IF($B13=P13,"OK","NG") -> OK | U13: =IF($B13=R13,"OK","NG") -> OK | W13: XL | X13: =$J$29 -> 44000 | Y13: =AA7 -> 4145.198 | Z13: =X13-Y13 -> 39854.802 | AC13: YR | AD13: X21-Y1/Y2 | AE13: =-1*SUM(AV7:AV8) -> 834 | AF13: =SUM($BA$7:$BA$8) -> 5919.8 | AG13: =SUM(AW7:AW8) -> 2985.3 | AH13: =AE13+0.1*0.9*(AF13-AG13) -> 1098.105 | AJ13: XL | AK13: Y7 | AL13: =ABS(SUMIFS(柱脚応力!$F:$F,柱脚応力!$C:$C,"x2?",柱脚応力!$B:$B,AK13)) -> 37.9 | AM13: =SUMIFS($E$33:$E$152,$C$33:$C$152,"x2?",$B$33:$B$152,AK13) -> 4339.6 | AN13: =SUMIFS(柱脚応力!$Q:$Q, 柱脚応力!$C:$C,"x2?",柱脚応力!$B:$B,AK13) -> 801.9 | AO13: =AL13+0.1*0.9*(AM13-AN13) -> 356.293 | AQ13: y7 | AR13: x21 | AS13: 31.7 | AT13: -6.1 | AU13: 44.5 | AV13: -43 | AW13: 400 | AY13: Y7 | AZ13: x21 | BA13: =$E$115 -> 2414.7 | BD13: AXL2 | BE13: X6 | BF13: 280 | BG13: 210 | BH13: 210 | BI13: 210 | BJ13: 210 | BK13: 210 | BL13: 210 | BM13: 210 | BN13: 210 | BO13: 280
C14: {=INDEX($B$33:$B$156,M14)} -> 0 | D14: {=INDEX($C$33:$C$156,M14)} -> 0 | E14: {=MAX(IF($AC$33:$AC$156=$B14,$Z$33:$Z$156,""))} -> 0 | F14: {=INDEX($B$33:$B$156,O14)} -> 0 | G14: {=INDEX($C$33:$C$156,O14)} -> 0 | H14: {=MAX(IF($AC$33:$AC$156=$B14,$AA$33:$AA$156,""))} -> 0 | I14: {=INDEX($B$33:$B$156,Q14)} -> 0 | J14: {=INDEX($C$33:$C$156,Q14)} -> 0 | K14: {=MIN(IF($AC$33:$AC$156=$B14,$AB$33:$AB$156,""))} -> 0 | M14: {=MATCH(MAX(IF($AC$33:$AC$156=$B14,$Z$33:$Z$156,"")),$Z$33:$Z$156,0)} -> 121 | N14: {=INDEX($AC$33:$AC$156,M14)} -> 0 | O14: {=MATCH(MAX(IF($AC$33:$AC$156=$B14,$AA$33:$AA$156,"")),$AA$33:$AA$156,0)} -> 121 | P14: {=INDEX($AC$33:$AC$156,O14)} -> 0 | Q14: {=MATCH(MIN(IF($AC$33:$AC$156=$B14,$AB$33:$AB$156,"")),$AB$33:$AB$156,0)} -> 121 | R14: {=INDEX($AC$33:$AC$156,Q14)} -> 0 | S14: =IF($B14=N14,"OK","NG") -> OK | T14: =IF($B14=P14,"OK","NG") -> OK | U14: =IF($B14=R14,"OK","NG") -> OK | W14: XR | X14: =$J$29 -> 44000 | Y14: =AA8 -> 4174.998 | Z14: =X14-Y14 -> 39825.002 | AC14: YR | AD14: X21-Y3/Y6 | AE14: =SUM(AV9:AV12)*-1 -> 128.2 | AF14: =SUM($BA$9:$BA$12) -> 7670.3 | AG14: =SUM(AW9:AW12) -> 3930.9 | AH14: =AE14+0.1*0.9*(AF14-AG14) -> 464.746 | AJ14: XL | AK14: Y8 | AL14: =ABS(SUMIFS(柱脚応力!$F:$F,柱脚応力!$C:$C,"x2?",柱脚応力!$B:$B,AK14)) -> 0 | AM14: =SUMIFS($E$33:$E$152,$C$33:$C$152,"x2?",$B$33:$B$152,AK14) -> 4375.9 | AN14: =SUMIFS(柱脚応力!$Q:$Q, 柱脚応力!$C:$C,"x2?",柱脚応力!$B:$B,AK14) -> 0 | AO14: =AL14+0.1*0.9*(AM14-AN14) -> 393.831 | AQ14: y1 | AR14: x22 | AS14: 41.6 | AT14: -988.4 | AU14: 4.5 | AV14: -4.5 | AW14: 407.1 | AY14: Y8 | AZ14: x21 | BA14: =$E$127 -> 2189.1 | BD14: AXL2 | BE14: X5 | BF14: 280 | BG14: 210 | BH14: 210 | BI14: 210 | BJ14: 210 | BK14: 210 | BL14: 210 | BM14: 210 | BN14: 210 | BO14: 280
C15: {=INDEX($B$33:$B$156,M15)} -> 0 | D15: {=INDEX($C$33:$C$156,M15)} -> 0 | E15: {=MAX(IF($AC$33:$AC$156=$B15,$Z$33:$Z$156,""))} -> 0 | F15: {=INDEX($B$33:$B$156,O15)} -> 0 | G15: {=INDEX($C$33:$C$156,O15)} -> 0 | H15: {=MAX(IF($AC$33:$AC$156=$B15,$AA$33:$AA$156,""))} -> 0 | I15: {=INDEX($B$33:$B$156,Q15)} -> 0 | J15: {=INDEX($C$33:$C$156,Q15)} -> 0 | K15: {=MIN(IF($AC$33:$AC$156=$B15,$AB$33:$AB$156,""))} -> 0 | M15: {=MATCH(MAX(IF($AC$33:$AC$156=$B15,$Z$33:$Z$156,"")),$Z$33:$Z$156,0)} -> 121 | N15: {=INDEX($AC$33:$AC$156,M15)} -> 0 | O15: {=MATCH(MAX(IF($AC$33:$AC$156=$B15,$AA$33:$AA$156,"")),$AA$33:$AA$156,0)} -> 121 | P15: {=INDEX($AC$33:$AC$156,O15)} -> 0 | Q15: {=MATCH(MIN(IF($AC$33:$AC$156=$B15,$AB$33:$AB$156,"")),$AB$33:$AB$156,0)} -> 121 | R15: {=INDEX($AC$33:$AC$156,Q15)} -> 0 | S15: =IF($B15=N15,"OK","NG") -> OK | T15: =IF($B15=P15,"OK","NG") -> OK | U15: =IF($B15=R15,"OK","NG") -> OK | W15: YL | X15: =$J$29 -> 44000 | Y15: =AA9 -> 4281.098 | Z15: =X15-Y15 -> 39718.902 | AC15: YR | AD15: X21-Y7/Y10 | AE15: =SUM(AV13)*-1 -> 43 | AF15: =SUM($BA$13:$BA$16) -> 7670.5 | AG15: =SUM(AW13) -> 400 | AH15: =AE15+0.1*0.9*(AF15-AG15) -> 697.345 | AJ15: XL | AK15: Y9 | AL15: =ABS(SUMIFS(柱脚応力!$F:$F,柱脚応力!$C:$C,"x2?",柱脚応力!$B:$B,AK15)) -> 0 | AM15: =SUMIFS($E$33:$E$152,$C$33:$C$152,"x2?",$B$33:$B$152,AK15) -> 4226.9 | AN15: =SUMIFS(柱脚応力!$Q:$Q, 柱脚応力!$C:$C,"x2?",柱脚応力!$B:$B,AK15) -> 0 | AO15: =AL15+0.1*0.9*(AM15-AN15) -> 380.421 | AQ15: y2 | AR15: x22 | AS15: 46.7 | AT15: -45.7 | AU15: 4.6 | AV15: -4.4 | AW15: 691.4 | AY15: Y9 | AZ15: x21 | BA15: =$E$139 -> 2113.2 | BD15: AXL2 | BE15: X4 | BF15: 280 | BG15: 210 | BH15: 210 | BI15: 210 | BJ15: 210 | BK15: 210 | BL15: 210 | BM15: 210 | BN15: 210 | BO15: 280
C16: {=INDEX($B$33:$B$156,M16)} -> 0 | D16: {=INDEX($C$33:$C$156,M16)} -> 0 | E16: {=MAX(IF($AC$33:$AC$156=$B16,$Z$33:$Z$156,""))} -> 0 | F16: {=INDEX($B$33:$B$156,O16)} -> 0 | G16: {=INDEX($C$33:$C$156,O16)} -> 0 | H16: {=MAX(IF($AC$33:$AC$156=$B16,$AA$33:$AA$156,""))} -> 0 | I16: {=INDEX($B$33:$B$156,Q16)} -> 0 | J16: {=INDEX($C$33:$C$156,Q16)} -> 0 | K16: {=MIN(IF($AC$33:$AC$156=$B16,$AB$33:$AB$156,""))} -> 0 | M16: {=MATCH(MAX(IF($AC$33:$AC$156=$B16,$Z$33:$Z$156,"")),$Z$33:$Z$156,0)} -> 121 | N16: {=INDEX($AC$33:$AC$156,M16)} -> 0 | O16: {=MATCH(MAX(IF($AC$33:$AC$156=$B16,$AA$33:$AA$156,"")),$AA$33:$AA$156,0)} -> 121 | P16: {=INDEX($AC$33:$AC$156,O16)} -> 0 | Q16: {=MATCH(MIN(IF($AC$33:$AC$156=$B16,$AB$33:$AB$156,"")),$AB$33:$AB$156,0)} -> 121 | R16: {=INDEX($AC$33:$AC$156,Q16)} -> 0 | S16: =IF($B16=N16,"OK","NG") -> OK | T16: =IF($B16=P16,"OK","NG") -> OK | U16: =IF($B16=R16,"OK","NG") -> OK | W16: YR | X16: =$J$29 -> 44000 | Y16: =AA10 -> 4257.698 | Z16: =X16-Y16 -> 39742.302 | AA16: 41000 | AC16: YR | AD16: X22-Y1/Y2 | AE16: =SUM(AV14:AV15)*-1 -> 8.9 | AF16: =SUM($BA$17:$BA$18) -> 3610 | AG16: =SUM(AW14:AW15) -> 1098.5 | AH16: =AE16+0.1*0.9*(AF16-AG16) -> 234.935 | AJ16: XL | AK16: Y10 | AL16: =ABS(SUMIFS(柱脚応力!$F:$F,柱脚応力!$C:$C,"x2?",柱脚応力!$B:$B,AK16)) -> 0 | AM16: =SUMIFS($E$33:$E$152,$C$33:$C$152,"x2?",$B$33:$B$152,AK16) -> 1907 | AN16: =SUMIFS(柱脚応力!$Q:$Q, 柱脚応力!$C:$C,"x2?",柱脚応力!$B:$B,AK16) -> 0 | AO16: =AL16+0.1*0.9*(AM16-AN16) -> 171.63 | AQ16: y3 | AR16: x22 | AS16: 44.2 | AT16: -43.2 | AU16: 16.9 | AV16: -16.4 | AW16: 702.4 | AY16: Y10 | AZ16: x21 | BA16: =$E$151 -> 953.5 | BD16: AXL2 | BE16: X3 | BF16: 280 | BG16: 210 | BH16: 210 | BI16: 210 | BJ16: 210 | BK16: 210 | BL16: 210 | BM16: 210 | BN16: 210 | BO16: 280
C17: {=INDEX($B$33:$B$156,M17)} -> 0 | D17: {=INDEX($C$33:$C$156,M17)} -> 0 | E17: {=MAX(IF($AC$33:$AC$156=$B17,$Z$33:$Z$156,""))} -> 0 | F17: {=INDEX($B$33:$B$156,O17)} -> 0 | G17: {=INDEX($C$33:$C$156,O17)} -> 0 | H17: {=MAX(IF($AC$33:$AC$156=$B17,$AA$33:$AA$156,""))} -> 0 | I17: {=INDEX($B$33:$B$156,Q17)} -> 0 | J17: {=INDEX($C$33:$C$156,Q17)} -> 0 | K17: {=MIN(IF($AC$33:$AC$156=$B17,$AB$33:$AB$156,""))} -> 0 | M17: {=MATCH(MAX(IF($AC$33:$AC$156=$B17,$Z$33:$Z$156,"")),$Z$33:$Z$156,0)} -> 121 | N17: {=INDEX($AC$33:$AC$156,M17)} -> 0 | O17: {=MATCH(MAX(IF($AC$33:$AC$156=$B17,$AA$33:$AA$156,"")),$AA$33:$AA$156,0)} -> 121 | P17: {=INDEX($AC$33:$AC$156,O17)} -> 0 | Q17: {=MATCH(MIN(IF($AC$33:$AC$156=$B17,$AB$33:$AB$156,"")),$AB$33:$AB$156,0)} -> 121 | R17: {=INDEX($AC$33:$AC$156,Q17)} -> 0 | S17: =IF($B17=N17,"OK","NG") -> OK | T17: =IF($B17=P17,"OK","NG") -> OK | U17: =IF($B17=R17,"OK","NG") -> OK | AC17: YR | AD17: X22-Y3/Y6 | AE17: =SUM(AV16:AV19)*-1 -> 113.2 | AF17: =SUM($BA$19:$BA$22) -> 6555 | AG17: =SUM(AW16:AW19) -> 3275.7 | AH17: =AE17+0.1*0.9*(AF17-AG17) -> 408.337 | AJ17: XR | AK17: Y1 | AL17: =ABS(SUMIFS(柱脚応力!$I:$I,柱脚応力!$C:$C,"x2?",柱脚応力!$B:$B,AK17)) -> 1036.8 | AM17: =SUMIFS($E$33:$E$152,$C$33:$C$152,"x2?",$B$33:$B$152,AK17) -> 3983.4 | AN17: =SUMIFS(柱脚応力!$Q:$Q, 柱脚応力!$C:$C,"x2?",柱脚応力!$B:$B,AK17) -> 1515.6 | AO17: =AL17+0.1*0.9*(AM17-AN17) -> 1258.902 | AQ17: y4 | AR17: x22 | AS17: 2.3 | AT17: -2.2 | AU17: 18.3 | AV17: -18 | AW17: 895.1 | AY17: Y1 | AZ17: x22 | BA17: =$E$44 -> 1523 | BD17: AXL2 | BE17: X2 | BF17: 280 | BG17: 210 | BH17: 210 | BI17: 210 | BJ17: 210 | BK17: 210 | BL17: 210 | BM17: 210 | BN17: 210 | BO17: 280
C18: {=INDEX($B$33:$B$156,M18)} -> 0 | D18: {=INDEX($C$33:$C$156,M18)} -> 0 | E18: {=MAX(IF($AC$33:$AC$156=$B18,$Z$33:$Z$156,""))} -> 0 | F18: {=INDEX($B$33:$B$156,O18)} -> 0 | G18: {=INDEX($C$33:$C$156,O18)} -> 0 | H18: {=MAX(IF($AC$33:$AC$156=$B18,$AA$33:$AA$156,""))} -> 0 | I18: {=INDEX($B$33:$B$156,Q18)} -> 0 | J18: {=INDEX($C$33:$C$156,Q18)} -> 0 | K18: {=MIN(IF($AC$33:$AC$156=$B18,$AB$33:$AB$156,""))} -> 0 | M18: {=MATCH(MAX(IF($AC$33:$AC$156=$B18,$Z$33:$Z$156,"")),$Z$33:$Z$156,0)} -> 121 | N18: {=INDEX($AC$33:$AC$156,M18)} -> 0 | O18: {=MATCH(MAX(IF($AC$33:$AC$156=$B18,$AA$33:$AA$156,"")),$AA$33:$AA$156,0)} -> 121 | P18: {=INDEX($AC$33:$AC$156,O18)} -> 0 | Q18: {=MATCH(MIN(IF($AC$33:$AC$156=$B18,$AB$33:$AB$156,"")),$AB$33:$AB$156,0)} -> 121 | R18: {=INDEX($AC$33:$AC$156,Q18)} -> 0 | S18: =IF($B18=N18,"OK","NG") -> OK | T18: =IF($B18=P18,"OK","NG") -> OK | U18: =IF($B18=R18,"OK","NG") -> OK | X18: XL | Y18: XR | Z18: YL | AA18: YR | AB18: 決定 | AC18: YR | AD18: X22-Y7/Y10 | AE18: =SUM(AV20)*-1 -> 744.3 | AF18: =SUM($BA$23:$BA$26) -> 7178.9 | AG18: =SUM(AW20) -> 401.9 | AH18: =AE18+0.1*0.9*(AF18-AG18) -> 1354.23 | AJ18: XR | AK18: Y2 | AL18: =ABS(SUMIFS(柱脚応力!$I:$I,柱脚応力!$C:$C,"x2?",柱脚応力!$B:$B,AK18)) -> 94.8 | AM18: =SUMIFS($E$33:$E$152,$C$33:$C$152,"x2?",$B$33:$B$152,AK18) -> 5546.4 | AN18: =SUMIFS(柱脚応力!$Q:$Q, 柱脚応力!$C:$C,"x2?",柱脚応力!$B:$B,AK18) -> 2568.2 | AO18: =AL18+0.1*0.9*(AM18-AN18) -> 362.838 | AQ18: y5 | AR18: x22 | AS18: 2.9 | AT18: -2.8 | AU18: 28.7 | AV18: -26.7 | AW18: 895.1 | AY18: Y2 | AZ18: x22 | BA18: =$E$56 -> 2087 | BD18: AXL2 | BE18: X1 | BF18: 280 | BG18: 280 | BH18: 280 | BI18: 280 | BJ18: 280 | BK18: 280 | BL18: 280 | BM18: 280 | BN18: 280 | BO18: 280
C19: {=INDEX($B$33:$B$156,M19)} -> 0 | D19: {=INDEX($C$33:$C$156,M19)} -> 0 | E19: {=MAX(IF($AC$33:$AC$156=$B19,$Z$33:$Z$156,""))} -> 0 | F19: {=INDEX($B$33:$B$156,O19)} -> 0 | G19: {=INDEX($C$33:$C$156,O19)} -> 0 | H19: {=MAX(IF($AC$33:$AC$156=$B19,$AA$33:$AA$156,""))} -> 0 | I19: {=INDEX($B$33:$B$156,Q19)} -> 0 | J19: {=INDEX($C$33:$C$156,Q19)} -> 0 | K19: {=MIN(IF($AC$33:$AC$156=$B19,$AB$33:$AB$156,""))} -> 0 | M19: {=MATCH(MAX(IF($AC$33:$AC$156=$B19,$Z$33:$Z$156,"")),$Z$33:$Z$156,0)} -> 121 | N19: {=INDEX($AC$33:$AC$156,M19)} -> 0 | O19: {=MATCH(MAX(IF($AC$33:$AC$156=$B19,$AA$33:$AA$156,"")),$AA$33:$AA$156,0)} -> 121 | P19: {=INDEX($AC$33:$AC$156,O19)} -> 0 | Q19: {=MATCH(MIN(IF($AC$33:$AC$156=$B19,$AB$33:$AB$156,"")),$AB$33:$AB$156,0)} -> 121 | R19: {=INDEX($AC$33:$AC$156,Q19)} -> 0 | S19: =IF($B19=N19,"OK","NG") -> OK | T19: =IF($B19=P19,"OK","NG") -> OK | U19: =IF($B19=R19,"OK","NG") -> OK | W19: 本体 | X19: =Z13 -> 39854.802 | Y19: =Z14 -> 39825.002 | Z19: =Z15 -> 39718.902 | AA19: =Z16 -> 39742.302 | AB19: 41000 | AJ19: XR | AK19: Y3 | AL19: =ABS(SUMIFS(柱脚応力!$I:$I,柱脚応力!$C:$C,"x2?",柱脚応力!$B:$B,AK19)) -> 91.7 | AM19: =SUMIFS($E$33:$E$152,$C$33:$C$152,"x2?",$B$33:$B$152,AK19) -> 4048.5 | AN19: =SUMIFS(柱脚応力!$Q:$Q, 柱脚応力!$C:$C,"x2?",柱脚応力!$B:$B,AK19) -> 2059.9 | AO19: =AL19+0.1*0.9*(AM19-AN19) -> 270.674 | AQ19: y6 | AR19: x22 | AS19: 5.9 | AT19: -512.9 | AU19: 738.6 | AV19: -52.1 | AW19: 783.1 | AY19: Y3 | AZ19: x22 | BA19: =$E$68 -> 1460.1
C20: {=INDEX($B$33:$B$156,M20)} -> 0 | D20: {=INDEX($C$33:$C$156,M20)} -> 0 | E20: {=MAX(IF($AC$33:$AC$156=$B20,$Z$33:$Z$156,""))} -> 0 | F20: {=INDEX($B$33:$B$156,O20)} -> 0 | G20: {=INDEX($C$33:$C$156,O20)} -> 0 | H20: {=MAX(IF($AC$33:$AC$156=$B20,$AA$33:$AA$156,""))} -> 0 | I20: {=INDEX($B$33:$B$156,Q20)} -> 0 | J20: {=INDEX($C$33:$C$156,Q20)} -> 0 | K20: {=MIN(IF($AC$33:$AC$156=$B20,$AB$33:$AB$156,""))} -> 0 | M20: {=MATCH(MAX(IF($AC$33:$AC$156=$B20,$Z$33:$Z$156,"")),$Z$33:$Z$156,0)} -> 121 | N20: {=INDEX($AC$33:$AC$156,M20)} -> 0 | O20: {=MATCH(MAX(IF($AC$33:$AC$156=$B20,$AA$33:$AA$156,"")),$AA$33:$AA$156,0)} -> 121 | P20: {=INDEX($AC$33:$AC$156,O20)} -> 0 | Q20: {=MATCH(MIN(IF($AC$33:$AC$156=$B20,$AB$33:$AB$156,"")),$AB$33:$AB$156,0)} -> 121 | R20: {=INDEX($AC$33:$AC$156,Q20)} -> 0 | S20: =IF($B20=N20,"OK","NG") -> OK | T20: =IF($B20=P20,"OK","NG") -> OK | U20: =IF($B20=R20,"OK","NG") -> OK | W20: a | X20: =AO7+AO8 -> 1577.64 | Y20: =AO17+AO18 -> 1621.74 | AB20: 1500 | AJ20: XR | AK20: Y4 | AL20: =ABS(SUMIFS(柱脚応力!$I:$I,柱脚応力!$C:$C,"x2?",柱脚応力!$B:$B,AK20)) -> 4.4 | AM20: =SUMIFS($E$33:$E$152,$C$33:$C$152,"x2?",$B$33:$B$152,AK20) -> 3463.8 | AN20: =SUMIFS(柱脚応力!$Q:$Q, 柱脚応力!$C:$C,"x2?",柱脚応力!$B:$B,AK20) -> 1793.6 | AO20: =AL20+0.1*0.9*(AM20-AN20) -> 154.718 | AQ20: y7 | AR20: x22 | AS20: 6.2 | AT20: -30.8 | AU20: 34.3 | AV20: -744.3 | AW20: 401.9 | AY20: Y4 | AZ20: x22 | BA20: =$E$80 -> 1732.1
C21: {=INDEX($B$33:$B$156,M21)} -> 0 | D21: {=INDEX($C$33:$C$156,M21)} -> 0 | E21: {=MAX(IF($AC$33:$AC$156=$B21,$Z$33:$Z$156,""))} -> 0 | F21: {=INDEX($B$33:$B$156,O21)} -> 0 | G21: {=INDEX($C$33:$C$156,O21)} -> 0 | H21: {=MAX(IF($AC$33:$AC$156=$B21,$AA$33:$AA$156,""))} -> 0 | I21: {=INDEX($B$33:$B$156,Q21)} -> 0 | J21: {=INDEX($C$33:$C$156,Q21)} -> 0 | K21: {=MAX(IF($AC$33:$AC$156=B21,$AB$33:$AB$156,""))} -> 0 | M21: {=MATCH(MAX(IF($AC$33:$AC$156=$B21,$Z$33:$Z$156,"")),$Z$33:$Z$156,0)} -> 121 | N21: {=INDEX($AC$33:$AC$156,M21)} -> 0 | O21: {=MATCH(MAX(IF($AC$33:$AC$156=$B21,$AA$33:$AA$156,"")),$AA$33:$AA$156,0)} -> 121 | P21: {=INDEX($AC$33:$AC$156,O21)} -> 0 | Q21: {=MATCH(MIN(IF($AC$33:$AC$156=$B21,$AB$33:$AB$156,"")),$AB$33:$AB$156,0)} -> 121 | R21: {=INDEX($AC$33:$AC$156,Q21)} -> 0 | S21: =IF($B21=N21,"OK","NG") -> OK | T21: =IF($B21=P21,"OK","NG") -> OK | U21: =IF($B21=R21,"OK","NG") -> OK | W21: b | X21: =AO9 -> 272.774 | Y21: =AO19 -> 270.674 | AB21: 300 | AC21: Qall | AD21: 総せん断力 | AJ21: XR | AK21: Y5 | AL21: =ABS(SUMIFS(柱脚応力!$I:$I,柱脚応力!$C:$C,"x2?",柱脚応力!$B:$B,AK21)) -> 5.6 | AM21: =SUMIFS($E$33:$E$152,$C$33:$C$152,"x2?",$B$33:$B$152,AK21) -> 3472.2 | AN21: =SUMIFS(柱脚応力!$Q:$Q, 柱脚応力!$C:$C,"x2?",柱脚応力!$B:$B,AK21) -> 1788.2 | AO21: =AL21+0.1*0.9*(AM21-AN21) -> 157.16 | AY21: Y5 | AZ21: x22 | BA21: =$E$92 -> 1735.5
C22: {=INDEX($B$33:$B$156,M22)} -> 0 | D22: {=INDEX($C$33:$C$156,M22)} -> 0 | E22: {=MAX(IF($AC$33:$AC$156=$B22,$Z$33:$Z$156,""))} -> 0 | F22: {=INDEX($B$33:$B$156,O22)} -> 0 | G22: {=INDEX($C$33:$C$156,O22)} -> 0 | H22: {=MAX(IF($AC$33:$AC$156=$B22,$AA$33:$AA$156,""))} -> 0 | I22: {=INDEX($B$33:$B$156,Q22)} -> 0 | J22: {=INDEX($C$33:$C$156,Q22)} -> 0 | K22: {=MAX(IF($AC$33:$AC$156=B22,$AB$33:$AB$156,""))} -> 0 | M22: {=MATCH(MAX(IF($AC$33:$AC$156=$B22,$Z$33:$Z$156,"")),$Z$33:$Z$156,0)} -> 121 | N22: {=INDEX($AC$33:$AC$156,M22)} -> 0 | O22: {=MATCH(MAX(IF($AC$33:$AC$156=$B22,$AA$33:$AA$156,"")),$AA$33:$AA$156,0)} -> 121 | P22: {=INDEX($AC$33:$AC$156,O22)} -> 0 | Q22: {=MATCH(MIN(IF($AC$33:$AC$156=$B22,$AB$33:$AB$156,"")),$AB$33:$AB$156,0)} -> 121 | R22: {=INDEX($AC$33:$AC$156,Q22)} -> 0 | S22: =IF($B22=N22,"OK","NG") -> OK | T22: =IF($B22=P22,"OK","NG") -> OK | U22: =IF($B22=R22,"OK","NG") -> OK | W22: c | X22: =AO10 -> 154.918 | Y22: =AO20 -> 154.718 | AB22: 200 | AC22: Qc | AD22: 柱脚せん断力 | AJ22: XR | AK22: Y6 | AL22: =ABS(SUMIFS(柱脚応力!$I:$I,柱脚応力!$C:$C,"x2?",柱脚応力!$B:$B,AK22)) -> 518.7 | AM22: =SUMIFS($E$33:$E$152,$C$33:$C$152,"x2?",$B$33:$B$152,AK22) -> 3240.8 | AN22: =SUMIFS(柱脚応力!$Q:$Q, 柱脚応力!$C:$C,"x2?",柱脚応力!$B:$B,AK22) -> 1564.9 | AO22: =AL22+0.1*0.9*(AM22-AN22) -> 669.531 | AY22: Y6 | AZ22: x22 | BA22: =$E$104 -> 1627.3
C23: {=INDEX($B$33:$B$156,M23)} -> 0 | D23: {=INDEX($C$33:$C$156,M23)} -> 0 | E23: {=MAX(IF($AC$33:$AC$156=$B23,$Z$33:$Z$156,""))} -> 0 | F23: {=INDEX($B$33:$B$156,O23)} -> 0 | G23: {=INDEX($C$33:$C$156,O23)} -> 0 | H23: {=MAX(IF($AC$33:$AC$156=$B23,$AA$33:$AA$156,""))} -> 0 | I23: {=INDEX($B$33:$B$156,Q23)} -> 0 | J23: {=INDEX($C$33:$C$156,Q23)} -> 0 | K23: {=MAX(IF($AC$33:$AC$156=B23,$AB$33:$AB$156,""))} -> 0 | M23: {=MATCH(MAX(IF($AC$33:$AC$156=$B23,$Z$33:$Z$156,"")),$Z$33:$Z$156,0)} -> 121 | N23: {=INDEX($AC$33:$AC$156,M23)} -> 0 | O23: {=MATCH(MAX(IF($AC$33:$AC$156=$B23,$AA$33:$AA$156,"")),$AA$33:$AA$156,0)} -> 121 | P23: {=INDEX($AC$33:$AC$156,O23)} -> 0 | Q23: {=MATCH(MIN(IF($AC$33:$AC$156=$B23,$AB$33:$AB$156,"")),$AB$33:$AB$156,0)} -> 121 | R23: {=INDEX($AC$33:$AC$156,Q23)} -> 0 | S23: =IF($B23=N23,"OK","NG") -> OK | T23: =IF($B23=P23,"OK","NG") -> OK | U23: =IF($B23=R23,"OK","NG") -> OK | W23: d | X23: =AO11 -> 157.36 | Y23: =AO21 -> 157.16 | AB23: 200 | AC23: Qm | AD23: 本体棟せん断力 | AJ23: XR | AK23: Y7 | AL23: =ABS(SUMIFS(柱脚応力!$I:$I,柱脚応力!$C:$C,"x2?",柱脚応力!$B:$B,AK23)) -> 36.9 | AM23: =SUMIFS($E$33:$E$152,$C$33:$C$152,"x2?",$B$33:$B$152,AK23) -> 4339.6 | AN23: =SUMIFS(柱脚応力!$Q:$Q, 柱脚応力!$C:$C,"x2?",柱脚応力!$B:$B,AK23) -> 801.9 | AO23: =AL23+0.1*0.9*(AM23-AN23) -> 355.293 | AY23: Y7 | AZ23: x22 | BA23: =$E$116 -> 1924.9
C24: {=INDEX($B$33:$B$156,M24)} -> 0 | D24: {=INDEX($C$33:$C$156,M24)} -> 0 | E24: {=MAX(IF($AC$33:$AC$156=$B24,$Z$33:$Z$156,""))} -> 0 | F24: {=INDEX($B$33:$B$156,O24)} -> 0 | G24: {=INDEX($C$33:$C$156,O24)} -> 0 | H24: {=MAX(IF($AC$33:$AC$156=$B24,$AA$33:$AA$156,""))} -> 0 | I24: {=INDEX($B$33:$B$156,Q24)} -> 0 | J24: {=INDEX($C$33:$C$156,Q24)} -> 0 | K24: {=MAX(IF($AC$33:$AC$156=B24,$AB$33:$AB$156,""))} -> 0 | M24: {=MATCH(MAX(IF($AC$33:$AC$156=$B24,$Z$33:$Z$156,"")),$Z$33:$Z$156,0)} -> 121 | N24: {=INDEX($AC$33:$AC$156,M24)} -> 0 | O24: {=MATCH(MAX(IF($AC$33:$AC$156=$B24,$AA$33:$AA$156,"")),$AA$33:$AA$156,0)} -> 121 | P24: {=INDEX($AC$33:$AC$156,O24)} -> 0 | Q24: {=MATCH(MIN(IF($AC$33:$AC$156=$B24,$AB$33:$AB$156,"")),$AB$33:$AB$156,0)} -> 121 | R24: {=INDEX($AC$33:$AC$156,Q24)} -> 0 | S24: =IF($B24=N24,"OK","NG") -> OK | T24: =IF($B24=P24,"OK","NG") -> OK | U24: =IF($B24=R24,"OK","NG") -> OK | W24: e | X24: =AO12 -> 680.331 | Y24: =AO22 -> 669.531 | AB24: 700 | AC24: Qs | AD24: スロープ棟せん断力 | AJ24: XR | AK24: Y8 | AL24: =ABS(SUMIFS(柱脚応力!$I:$I,柱脚応力!$C:$C,"x2?",柱脚応力!$B:$B,AK24)) -> 0 | AM24: =SUMIFS($E$33:$E$152,$C$33:$C$152,"x2?",$B$33:$B$152,AK24) -> 4375.9 | AN24: =SUMIFS(柱脚応力!$Q:$Q, 柱脚応力!$C:$C,"x2?",柱脚応力!$B:$B,AK24) -> 0 | AO24: =AL24+0.1*0.9*(AM24-AN24) -> 393.831 | AY24: Y8 | AZ24: x22 | BA24: =$E$128 -> 2186.8
C25: {=INDEX($B$33:$B$156,M25)} -> 0 | D25: {=INDEX($C$33:$C$156,M25)} -> 0 | E25: {=MAX(IF($AC$33:$AC$156=$B25,$Z$33:$Z$156,""))} -> 0 | F25: {=INDEX($B$33:$B$156,O25)} -> 0 | G25: {=INDEX($C$33:$C$156,O25)} -> 0 | H25: {=MAX(IF($AC$33:$AC$156=$B25,$AA$33:$AA$156,""))} -> 0 | I25: {=INDEX($B$33:$B$156,Q25)} -> 0 | J25: {=INDEX($C$33:$C$156,Q25)} -> 0 | K25: {=MAX(IF($AC$33:$AC$156=B25,$AB$33:$AB$156,""))} -> 0 | M25: {=MATCH(MAX(IF($AC$33:$AC$156=$B25,$Z$33:$Z$156,"")),$Z$33:$Z$156,0)} -> 121 | N25: {=INDEX($AC$33:$AC$156,M25)} -> 0 | O25: {=MATCH(MAX(IF($AC$33:$AC$156=$B25,$AA$33:$AA$156,"")),$AA$33:$AA$156,0)} -> 121 | P25: {=INDEX($AC$33:$AC$156,O25)} -> 0 | Q25: {=MATCH(MIN(IF($AC$33:$AC$156=$B25,$AB$33:$AB$156,"")),$AB$33:$AB$156,0)} -> 121 | R25: {=INDEX($AC$33:$AC$156,Q25)} -> 0 | S25: =IF($B25=N25,"OK","NG") -> OK | T25: =IF($B25=P25,"OK","NG") -> OK | U25: =IF($B25=R25,"OK","NG") -> OK | W25: f | X25: =SUM(AO13:AO16) -> 1302.175 | Y25: =SUM(AO23:AO26) -> 1301.175 | AB25: 1400 | AC25: N | AD25: 支点反力 | AF25: 基礎を梁に見立ててせん断力の検討に、 | AJ25: XR | AK25: Y9 | AL25: =ABS(SUMIFS(柱脚応力!$I:$I,柱脚応力!$C:$C,"x2?",柱脚応力!$B:$B,AK25)) -> 0 | AM25: =SUMIFS($E$33:$E$152,$C$33:$C$152,"x2?",$B$33:$B$152,AK25) -> 4226.9 | AN25: =SUMIFS(柱脚応力!$Q:$Q, 柱脚応力!$C:$C,"x2?",柱脚応力!$B:$B,AK25) -> 0 | AO25: =AL25+0.1*0.9*(AM25-AN25) -> 380.421 | AY25: Y9 | AZ25: x22 | BA25: =$E$140 -> 2113.7
C26: {=INDEX($B$33:$B$156,M26)} -> 0 | D26: {=INDEX($C$33:$C$156,M26)} -> 0 | E26: {=MAX(IF($AC$33:$AC$156=$B26,$Z$33:$Z$156,""))} -> 0 | F26: {=INDEX($B$33:$B$156,O26)} -> 0 | G26: {=INDEX($C$33:$C$156,O26)} -> 0 | H26: {=MAX(IF($AC$33:$AC$156=$B26,$AA$33:$AA$156,""))} -> 0 | I26: {=INDEX($B$33:$B$156,Q26)} -> 0 | J26: {=INDEX($C$33:$C$156,Q26)} -> 0 | K26: {=MAX(IF($AC$33:$AC$156=B26,$AB$33:$AB$156,""))} -> 0 | M26: {=MATCH(MAX(IF($AC$33:$AC$156=$B26,$Z$33:$Z$156,"")),$Z$33:$Z$156,0)} -> 121 | N26: {=INDEX($AC$33:$AC$156,M26)} -> 0 | O26: {=MATCH(MAX(IF($AC$33:$AC$156=$B26,$AA$33:$AA$156,"")),$AA$33:$AA$156,0)} -> 121 | P26: {=INDEX($AC$33:$AC$156,O26)} -> 0 | Q26: {=MATCH(MIN(IF($AC$33:$AC$156=$B26,$AB$33:$AB$156,"")),$AB$33:$AB$156,0)} -> 121 | R26: {=INDEX($AC$33:$AC$156,Q26)} -> 0 | S26: =IF($B26=N26,"OK","NG") -> OK | T26: =IF($B26=P26,"OK","NG") -> OK | U26: =IF($B26=R26,"OK","NG") -> OK | W26: A | Z26: =AH7+AH10 -> 1375.24 | AA26: =AH13+AH16 -> 1333.04 | AB26: 1300 | AC26: Nc | AD26: 柱脚軸力 | AF26: αを考慮する場合は、 | AJ26: XR | AK26: Y10 | AL26: =ABS(SUMIFS(柱脚応力!$I:$I,柱脚応力!$C:$C,"x2?",柱脚応力!$B:$B,AK26)) -> 0 | AM26: =SUMIFS($E$33:$E$152,$C$33:$C$152,"x2?",$B$33:$B$152,AK26) -> 1907 | AN26: =SUMIFS(柱脚応力!$Q:$Q, 柱脚応力!$C:$C,"x2?",柱脚応力!$B:$B,AK26) -> 0 | AO26: =AL26+0.1*0.9*(AM26-AN26) -> 171.63 | AY26: Y10 | AZ26: x22 | BA26: =$E$152 -> 953.5
W27: B | Z27: =AH8 -> 465.146 | AA27: =AH14 -> 464.746 | AB27: 750 | AF27: 短期設計用せん断力の地震時せん断力を
W28: C | Z28: =AH11 -> 1097.637 | AA28: =AH17 -> 408.337 | AB28: 1200 | AF28: 1.5倍する必要がある。
B29: 地震時の水平力kNとしてください | G29: 建物水平力(kN) | H29: 基礎(kN) | I29: フーチング | J29: 44000 | W29: D | Z29: =AH9+AH12 -> 1343.075 | AA29: =AH15+AH18 -> 2051.575 | AB29: 2100
B30: 支点応力まとめ | G30: 23763 | H30: 186711 | I30: =SUM(BF7:BO18) -> 28280 | J30: =G30+0.1*(H30+I30)*0.9 -> 43112.19 | K30: →46000kN | L30: で計算ください | AA30: ↓地震時の1.5倍+長期荷重した値です。これは単純にフーチング計算用です
B31: 固定荷重+積載荷重 | F31: 雪荷重(長期にするときは0.7倍) | J31: X方向地震左 | N31: X方向地震右 | R31: Y方向地震左 | V31: Y方向地震右 | Z31: 長期 | AA31: 支持力max | AB31: 支持力min | AC31: フーチング | AD31: 前回との誤差
B32: 通 | C32: 軸 | D32: 荷重 | E32: 反力(kN) | F32: 通 | G32: 軸 | H32: 荷重 | I32: 反力(kN) | J32: 通 | K32: 軸 | L32: 荷重 | M32: 反力(kN) | N32: 通 | O32: 軸 | P32: 荷重 | Q32: 反力(kN) | R32: 通 | S32: 軸 | T32: 荷重 | U32: 反力(kN) | V32: 通 | W32: 軸 | X32: 荷重 | Y32: 反力(kN) | AD32: 通 | AE32: 長期 | AF32: X方向地震左 | AG32: X方向地震右 | AH32: Y方向地震左 | AI32: Y方向地震右
A33: 固定＋積載には | B33: y1 | C33: x1 | D33: v | E33: 1562 | F33: y1 | G33: x1 | H33: s | I33: 25.7 | J33: y1 | K33: x1 | L33: exl | M33: -938.9 | N33: y1 | O33: x1 | P33: exr | Q33: 905.4 | R33: y1 | S33: x1 | T33: eyl | U33: -147 | V33: y1 | W33: x1 | X33: eyr | Y33: 89.1 | Z33: =E33 -> 1562 | AA33: =E33+MAX(M33,Q33,U33,Y33)*1.5 -> 2920.1 | AB33: =E33+MIN(M33,Q33,U33,Y33) -> 623.1 | AC33: F30 | AD33: =V33&"-"&W33 -> y1-x1 | AE33: =E33-E160 -> 21.5 | AF33: =M33-M160 -> -237.3 | AG33: =ABS(ABS(Q33)-ABS(Q160)) -> 232 | AH33: =ABS(ABS(U33)-ABS(U160)) -> 19 | AI33: =ABS(ABS(Y33)-ABS(Y160)) -> 18.3 | AJ33: =BB4 -> 0 | AK33: 0 | AL33: =Z33+AK33 -> 1562 | AM33: ="RST5 "& B33 &" " & C33 & " 100000000-100000000-1.0-0.00001-100000000-100000000 " &AL33&"-"&AL33&"-1.0-0.000000001" -> RST5 y1 x1 100000000-100000000-1.0-0.00001-100000000-100000000 1562-1562-1.0-0.000000001
A34: 基礎重量wfは入れています。 | B34: y1 | C34: x2 | D34: v | E34: 2879.3 | F34: y1 | G34: x2 | H34: s | I34: 57.2 | J34: y1 | K34: x2 | L34: exl | M34: 9.3 | N34: y1 | O34: x2 | P34: exr | Q34: 16.7 | R34: y1 | S34: x2 | T34: eyl | U34: -246 | V34: y1 | W34: x2 | X34: eyr | Y34: 340.4 | Z34: =E34 -> 2879.3 | AA34: =E34+MAX(M34,Q34,U34,Y34)*1.5 -> 3389.9 | AB34: =E34+MIN(M34,Q34,U34,Y34) -> 2633.3 | AC34: F21 | AD34: =V34&"-"&W34 -> y1-x2 | AE34: =E34-E161 -> -9.1 | AF34: =M34-M161 -> 112.6 | AG34: =ABS(ABS(Q34)-ABS(Q161)) -> 95.6 | AH34: =ABS(ABS(U34)-ABS(U161)) -> 22.4 | AI34: =ABS(ABS(Y34)-ABS(Y161)) -> 100.5 | AJ34: =BB5 -> 0 | AK34: 0 | AL34: =Z34+AK34 -> 2879.3 | AM34: ="RST5 "& B34 &" " & C34 & " 100000000-100000000-1.0-0.00001-100000000-100000000 " &AL34&"-"&AL34&"-1.0-0.000000001" -> RST5 y1 x2 100000000-100000000-1.0-0.00001-100000000-100000000 2879.3-2879.3-1.0-0.000000001
B35: y1 | C35: x3 | D35: v | E35: 3084.1 | F35: y1 | G35: x3 | H35: s | I35: 57.2 | J35: y1 | K35: x3 | L35: exl | M35: -336.2 | N35: y1 | O35: x3 | P35: exr | Q35: 304.4 | R35: y1 | S35: x3 | T35: eyl | U35: -635.5 | V35: y1 | W35: x3 | X35: eyr | Y35: 582.2 | Z35: =E35 -> 3084.1 | AA35: =E35+MAX(M35,Q35,U35,Y35)*1.5 -> 3957.4 | AB35: =E35+MIN(M35,Q35,U35,Y35) -> 2448.6 | AC35: F21 | AD35: =V35&"-"&W35 -> y1-x3 | AE35: =E35-E162 -> 341.8 | AF35: =M35-M162 -> 4.8 | AG35: =ABS(ABS(Q35)-ABS(Q162)) -> 9.2 | AH35: =ABS(ABS(U35)-ABS(U162)) -> 2.7 | AI35: =ABS(ABS(Y35)-ABS(Y162)) -> 260.3 | AJ35: =BB6 -> 0 | AK35: 0 | AL35: =Z35+AK35 -> 3084.1 | AM35: ="RST5 "& B35 &" " & C35 & " 100000000-100000000-1.0-0.00001-100000000-100000000 " &AL35&"-"&AL35&"-1.0-0.000000001" -> RST5 y1 x3 100000000-100000000-1.0-0.00001-100000000-100000000 3084.1-3084.1-1.0-0.000000001
B36: y1 | C36: x4 | D36: v | E36: 3025.1 | F36: y1 | G36: x4 | H36: s | I36: 50.6 | J36: y1 | K36: x4 | L36: exl | M36: 304.8 | N36: y1 | O36: x4 | P36: exr | Q36: -284.2 | R36: y1 | S36: x4 | T36: eyl | U36: -1204.7 | V36: y1 | W36: x4 | X36: eyr | Y36: 1091.9 | Z36: =E36 -> 3025.1 | AA36: =E36+MAX(M36,Q36,U36,Y36)*1.5 -> 4662.95 | AB36: =E36+MIN(M36,Q36,U36,Y36) -> 1820.4 | AC36: F20 | AD36: =V36&"-"&W36 -> y1-x4 | AE36: =E36-E163 -> -119.9 | AF36: =M36-M163 -> 249.1 | AG36: =ABS(ABS(Q36)-ABS(Q163)) -> 247.7 | AH36: =ABS(ABS(U36)-ABS(U163)) -> 27.2 | AI36: =ABS(ABS(Y36)-ABS(Y163)) -> 64.2 | AJ36: =BB7 -> 0 | AK36: 0 | AL36: =Z36+AK36 -> 3025.1 | AM36: ="RST5 "& B36 &" " & C36 & " 100000000-100000000-1.0-0.00001-100000000-100000000 " &AL36&"-"&AL36&"-1.0-0.000000001" -> RST5 y1 x4 100000000-100000000-1.0-0.00001-100000000-100000000 3025.1-3025.1-1.0-0.000000001
B37: y1 | C37: x5 | D37: v | E37: 2761.4 | F37: y1 | G37: x5 | H37: s | I37: 58.5 | J37: y1 | K37: x5 | L37: exl | M37: -10.8 | N37: y1 | O37: x5 | P37: exr | Q37: -2.8 | R37: y1 | S37: x5 | T37: eyl | U37: -288.4 | V37: y1 | W37: x5 | X37: eyr | Y37: 368.4 | Z37: =E37 -> 2761.4 | AA37: =E37+MAX(M37,Q37,U37,Y37)*1.5 -> 3314 | AB37: =E37+MIN(M37,Q37,U37,Y37) -> 2473 | AC37: F21 | AD37: =V37&"-"&W37 -> y1-x5 | AE37: =E37-E164 -> -363 | AF37: =M37-M164 -> -5.7 | AG37: =ABS(ABS(Q37)-ABS(Q164)) -> 12.7 | AH37: =ABS(ABS(U37)-ABS(U164)) -> 19.4 | AI37: =ABS(ABS(Y37)-ABS(Y164)) -> 43 | AJ37: =BB8 -> 0 | AK37: 0 | AL37: =Z37+AK37 -> 2761.4 | AM37: ="RST5 "& B37 &" " & C37 & " 100000000-100000000-1.0-0.00001-100000000-100000000 " &AL37&"-"&AL37&"-1.0-0.000000001" -> RST5 y1 x5 100000000-100000000-1.0-0.00001-100000000-100000000 2761.4-2761.4-1.0-0.000000001
B38: y1 | C38: x6 | D38: v | E38: 2783.8 | F38: y1 | G38: x6 | H38: s | I38: 58.6 | J38: y1 | K38: x6 | L38: exl | M38: -245.4 | N38: y1 | O38: x6 | P38: exr | Q38: 255 | R38: y1 | S38: x6 | T38: eyl | U38: -740.1 | V38: y1 | W38: x6 | X38: eyr | Y38: 309.8 | Z38: =E38 -> 2783.8 | AA38: =E38+MAX(M38,Q38,U38,Y38)*1.5 -> 3248.5 | AB38: =E38+MIN(M38,Q38,U38,Y38) -> 2043.7 | AC38: F21 | AD38: =V38&"-"&W38 -> y1-x6 | AE38: =E38-E165 -> 11.5 | AF38: =M38-M165 -> -260.1 | AG38: =ABS(ABS(Q38)-ABS(Q165)) -> 233.2 | AH38: =ABS(ABS(U38)-ABS(U165)) -> 60.2 | AI38: =ABS(ABS(Y38)-ABS(Y165)) -> 16.9 | AJ38: =BB9 -> 0 | AK38: 0 | AL38: =Z38+AK38 -> 2783.8 | AM38: ="RST5 "& B38 &" " & C38 & " 100000000-100000000-1.0-0.00001-100000000-100000000 " &AL38&"-"&AL38&"-1.0-0.000000001" -> RST5 y1 x6 100000000-100000000-1.0-0.00001-100000000-100000000 2783.8-2783.8-1.0-0.000000001
B39: y1 | C39: x7 | D39: v | E39: 2871.6 | F39: y1 | G39: x7 | H39: s | I39: 51.2 | J39: y1 | K39: x7 | L39: exl | M39: 309.9 | N39: y1 | O39: x7 | P39: exr | Q39: -315 | R39: y1 | S39: x7 | T39: eyl | U39: -1435.8 | V39: y1 | W39: x7 | X39: eyr | Y39: 1325.4 | Z39: =E39 -> 2871.6 | AA39: =E39+MAX(M39,Q39,U39,Y39)*1.5 -> 4859.7 | AB39: =E39+MIN(M39,Q39,U39,Y39) -> 1435.8 | AC39: F21 | AD39: =V39&"-"&W39 -> y1-x7 | AE39: =E39-E166 -> -5.9 | AF39: =M39-M166 -> 221.9 | AG39: =ABS(ABS(Q39)-ABS(Q166)) -> 229.8 | AH39: =ABS(ABS(U39)-ABS(U166)) -> 23.4 | AI39: =ABS(ABS(Y39)-ABS(Y166)) -> 133.6 | AJ39: =BB10 -> 0 | AK39: 0 | AL39: =Z39+AK39 -> 2871.6 | AM39: ="RST5 "& B39 &" " & C39 & " 100000000-100000000-1.0-0.00001-100000000-100000000 " &AL39&"-"&AL39&"-1.0-0.000000001" -> RST5 y1 x7 100000000-100000000-1.0-0.00001-100000000-100000000 2871.6-2871.6-1.0-0.000000001
B40: y1 | C40: x8 | D40: v | E40: 2610.7 | F40: y1 | G40: x8 | H40: s | I40: 52.7 | J40: y1 | K40: x8 | L40: exl | M40: 760.7 | N40: y1 | O40: x8 | P40: exr | Q40: -776.8 | R40: y1 | S40: x8 | T40: eyl | U40: -316.5 | V40: y1 | W40: x8 | X40: eyr | Y40: 358 | Z40: =E40 -> 2610.7 | AA40: =E40+MAX(M40,Q40,U40,Y40)*1.5 -> 3751.75 | AB40: =E40+MIN(M40,Q40,U40,Y40) -> 1833.9 | AC40: F21 | AD40: =V40&"-"&W40 -> y1-x8 | AE40: =E40-E167 -> 79.5 | AF40: =M40-M167 -> -128.5 | AG40: =ABS(ABS(Q40)-ABS(Q167)) -> 133.7 | AH40: =ABS(ABS(U40)-ABS(U167)) -> 22.7 | AI40: =ABS(ABS(Y40)-ABS(Y167)) -> 35.6 | AJ40: =BB11 -> 0 | AK40: 0 | AL40: =Z40+AK40 -> 2610.7 | AM40: ="RST5 "& B40 &" " & C40 & " 100000000-100000000-1.0-0.00001-100000000-100000000 " &AL40&"-"&AL40&"-1.0-0.000000001" -> RST5 y1 x8 100000000-100000000-1.0-0.00001-100000000-100000000 2610.7-2610.7-1.0-0.000000001
B41: y1 | C41: x9 | D41: v | E41: 2954.5 | F41: y1 | G41: x9 | H41: s | I41: 24.4 | J41: y1 | K41: x9 | L41: exl | M41: -50.8 | N41: y1 | O41: x9 | P41: exr | Q41: 20.2 | R41: y1 | S41: x9 | T41: eyl | U41: -343.7 | V41: y1 | W41: x9 | X41: eyr | Y41: 349.3 | Z41: =E41 -> 2954.5 | AA41: =E41+MAX(M41,Q41,U41,Y41)*1.5 -> 3478.45 | AB41: =E41+MIN(M41,Q41,U41,Y41) -> 2610.8 | AC41: F21 | AD41: =V41&"-"&W41 -> y1-x9 | AE41: =E41-E168 -> 215 | AF41: =M41-M168 -> -24.4 | AG41: =ABS(ABS(Q41)-ABS(Q168)) -> 14.4 | AH41: =ABS(ABS(U41)-ABS(U168)) -> 28.2 | AI41: =ABS(ABS(Y41)-ABS(Y168)) -> 26.6 | AJ41: =BB12 -> 0 | AK41: 0 | AL41: =Z41+AK41 -> 2954.5 | AM41: ="RST5 "& B41 &" " & C41 & " 100000000-100000000-1.0-0.00001-100000000-100000000 " &AL41&"-"&AL41&"-1.0-0.000000001" -> RST5 y1 x9 100000000-100000000-1.0-0.00001-100000000-100000000 2954.5-2954.5-1.0-0.000000001
B42: y1 | C42: x10 | D42: v | E42: 2887.6 | F42: y1 | G42: x10 | H42: s | I42: 0 | J42: y1 | K42: x10 | L42: exl | M42: 87.9 | N42: y1 | O42: x10 | P42: exr | Q42: -93.4 | R42: y1 | S42: x10 | T42: eyl | U42: -223 | V42: y1 | W42: x10 | X42: eyr | Y42: 227.9 | Z42: =E42 -> 2887.6 | AA42: =E42+MAX(M42,Q42,U42,Y42)*1.5 -> 3229.45 | AB42: =E42+MIN(M42,Q42,U42,Y42) -> 2664.6 | AC42: F20 | AD42: =V42&"-"&W42 -> y1-x10 | AE42: =E42-E169 -> 180.7 | AF42: =M42-M169 -> 30.3 | AG42: =ABS(ABS(Q42)-ABS(Q169)) -> 16.1 | AH42: =ABS(ABS(U42)-ABS(U169)) -> 9.9 | AI42: =ABS(ABS(Y42)-ABS(Y169)) -> 16.2 | AJ42: =BB13 -> 0 | AK42: 0 | AL42: =Z42+AK42 -> 2887.6 | AM42: ="RST5 "& B42 &" " & C42 & " 100000000-100000000-1.0-0.00001-100000000-100000000 " &AL42&"-"&AL42&"-1.0-0.000000001" -> RST5 y1 x10 100000000-100000000-1.0-0.00001-100000000-100000000 2887.6-2887.6-1.0-0.000000001
B43: y1 | C43: x21 | D43: v | E43: 2460.4 | F43: y1 | G43: x21 | H43: s | I43: -1.2 | J43: y1 | K43: x21 | L43: exl | M43: -741.5 | N43: y1 | O43: x21 | P43: exr | Q43: 748.1 | R43: y1 | S43: x21 | T43: eyl | U43: -781.1 | V43: y1 | W43: x21 | X43: eyr | Y43: 725.2 | Z43: =E43 -> 2460.4 | AA43: =E43+MAX(M43,Q43,U43,Y43)*1.5 -> 3582.55 | AB43: =E43+MIN(M43,Q43,U43,Y43) -> 1679.3 | AC43: F20 | AD43: =V43&"-"&W43 -> y1-x21 | AE43: =E43-E170 -> 148 | AF43: =M43-M170 -> -236.2 | AG43: =ABS(ABS(Q43)-ABS(Q170)) -> 215.3 | AH43: =ABS(ABS(U43)-ABS(U170)) -> 194.8 | AI43: =ABS(ABS(Y43)-ABS(Y170)) -> 186.5 | AJ43: =BB14 -> 0 | AK43: 0 | AL43: =Z43+AK43 -> 2460.4 | AM43: ="RST5 "& B43 &" " & C43 & " 100000000-100000000-1.0-0.00001-100000000-100000000 " &AL43&"-"&AL43&"-1.0-0.000000001" -> RST5 y1 x21 100000000-100000000-1.0-0.00001-100000000-100000000 2460.4-2460.4-1.0-0.000000001
B44: y1 | C44: x22 | D44: v | E44: 1523 | F44: y1 | G44: x22 | H44: s | I44: -0.1 | J44: y1 | K44: x22 | L44: exl | M44: 802.9 | N44: y1 | O44: x22 | P44: exr | Q44: -819.1 | R44: y1 | S44: x22 | T44: eyl | U44: -279.6 | V44: y1 | W44: x22 | X44: eyr | Y44: 311.2 | Z44: =E44 -> 1523 | AA44: =E44+MAX(M44,Q44,U44,Y44)*1.5 -> 2727.35 | AB44: =E44+MIN(M44,Q44,U44,Y44) -> 703.9 | AC44: F10 | AD44: =V44&"-"&W44 -> y1-x22 | AE44: =E44-E171 -> 481.7 | AF44: =M44-M171 -> 185.3 | AG44: =ABS(ABS(Q44)-ABS(Q171)) -> 192.4 | AH44: =ABS(ABS(U44)-ABS(U171)) -> 63 | AI44: =ABS(ABS(Y44)-ABS(Y171)) -> 65.6 | AJ44: =BB15 -> 0 | AK44: 0 | AL44: =Z44+AK44 -> 1523 | AM44: ="RST5 "& B44 &" " & C44 & " 100000000-100000000-1.0-0.00001-100000000-100000000 " &AL44&"-"&AL44&"-1.0-0.000000001" -> RST5 y1 x22 100000000-100000000-1.0-0.00001-100000000-100000000 1523-1523-1.0-0.000000001
B45: y2 | C45: x1 | D45: v | E45: 2613.6 | F45: y2 | G45: x1 | H45: s | I45: 51.7 | J45: y2 | K45: x1 | L45: exl | M45: -205.6 | N45: y2 | O45: x1 | P45: exr | Q45: 214.1 | R45: y2 | S45: x1 | T45: eyl | U45: -860.6 | V45: y2 | W45: x1 | X45: eyr | Y45: 895.7 | Z45: =E45 -> 2613.6 | AA45: =E45+MAX(M45,Q45,U45,Y45)*1.5 -> 3957.15 | AB45: =E45+MIN(M45,Q45,U45,Y45) -> 1753 | AC45: F21 | AD45: =V45&"-"&W45 -> y2-x1 | AE45: =E45-E172 -> 44.5 | AF45: =M45-M172 -> 11.2 | AG45: =ABS(ABS(Q45)-ABS(Q172)) -> 16.7 | AH45: =ABS(ABS(U45)-ABS(U172)) -> 19.5 | AI45: =ABS(ABS(Y45)-ABS(Y172)) -> 18.5 | AJ45: =BA4 -> 0 | AK45: 0 | AL45: =Z45+AK45 -> 2613.6 | AM45: ="RST5 "& B45 &" " & C45 & " 100000000-100000000-1.0-0.00001-100000000-100000000 " &AL45&"-"&AL45&"-1.0-0.000000001" -> RST5 y2 x1 100000000-100000000-1.0-0.00001-100000000-100000000 2613.6-2613.6-1.0-0.000000001
B46: y2 | C46: x2 | D46: v | E46: 4444.8 | F46: y2 | G46: x2 | H46: s | I46: 97.1 | J46: y2 | K46: x2 | L46: exl | M46: 90.1 | N46: y2 | O46: x2 | P46: exr | Q46: -103.5 | R46: y2 | S46: x2 | T46: eyl | U46: 135.1 | V46: y2 | W46: x2 | X46: eyr | Y46: -152.2 | Z46: =E46 -> 4444.8 | AA46: =E46+MAX(M46,Q46,U46,Y46)*1.5 -> 4647.45 | AB46: =E46+MIN(M46,Q46,U46,Y46) -> 4292.6 | AC46: F10 | AD46: =V46&"-"&W46 -> y2-x2 | AE46: =E46-E173 -> -11.5 | AF46: =M46-M173 -> 1 | AG46: =ABS(ABS(Q46)-ABS(Q173)) -> 0.8 | AH46: =ABS(ABS(U46)-ABS(U173)) -> 4.6 | AI46: =ABS(ABS(Y46)-ABS(Y173)) -> 9.9 | AJ46: =BA5 -> 0 | AK46: 0 | AL46: =Z46+AK46 -> 4444.8 | AM46: ="RST5 "& B46 &" " & C46 & " 100000000-100000000-1.0-0.00001-100000000-100000000 " &AL46&"-"&AL46&"-1.0-0.000000001" -> RST5 y2 x2 100000000-100000000-1.0-0.00001-100000000-100000000 4444.8-4444.8-1.0-0.000000001
B47: y2 | C47: x3 | D47: v | E47: 4201.9 | F47: y2 | G47: x3 | H47: s | I47: 98.9 | J47: y2 | K47: x3 | L47: exl | M47: 8.1 | N47: y2 | O47: x3 | P47: exr | Q47: 10.6 | R47: y2 | S47: x3 | T47: eyl | U47: 546.8 | V47: y2 | W47: x3 | X47: eyr | Y47: -467.3 | Z47: =E47 -> 4201.9 | AA47: =E47+MAX(M47,Q47,U47,Y47)*1.5 -> 5022.1 | AB47: =E47+MIN(M47,Q47,U47,Y47) -> 3734.6 | AC47: F10 | AD47: =V47&"-"&W47 -> y2-x3 | AE47: =E47-E174 -> -56.8 | AF47: =M47-M174 -> 13.4 | AG47: =ABS(ABS(Q47)-ABS(Q174)) -> 52.3 | AH47: =ABS(ABS(U47)-ABS(U174)) -> 18.6 | AI47: =ABS(ABS(Y47)-ABS(Y174)) -> 352 | AJ47: =BA6 -> 長期支点反力(kN) | AK47: 0 | AL47: =Z47+AK47 -> 4201.9 | AM47: ="RST5 "& B47 &" " & C47 & " 100000000-100000000-1.0-0.00001-100000000-100000000 " &AL47&"-"&AL47&"-1.0-0.000000001" -> RST5 y2 x3 100000000-100000000-1.0-0.00001-100000000-100000000 4201.9-4201.9-1.0-0.000000001
B48: y2 | C48: x4 | D48: v | E48: 4366.8 | F48: y2 | G48: x4 | H48: s | I48: 99.2 | J48: y2 | K48: x4 | L48: exl | M48: 8.2 | N48: y2 | O48: x4 | P48: exr | Q48: 0.1 | R48: y2 | S48: x4 | T48: eyl | U48: 1050.3 | V48: y2 | W48: x4 | X48: eyr | Y48: -993.3 | Z48: =E48 -> 4366.8 | AA48: =E48+MAX(M48,Q48,U48,Y48)*1.5 -> 5942.25 | AB48: =E48+MIN(M48,Q48,U48,Y48) -> 3373.5 | AC48: F10 | AD48: =V48&"-"&W48 -> y2-x4 | AE48: =E48-E175 -> -38.9 | AF48: =M48-M175 -> 1.1 | AG48: =ABS(ABS(Q48)-ABS(Q175)) -> 9.1 | AH48: =ABS(ABS(U48)-ABS(U175)) -> 15.1 | AI48: =ABS(ABS(Y48)-ABS(Y175)) -> 9.3 | AJ48: =BA7 -> 2460.4 | AK48: 0 | AL48: =Z48+AK48 -> 4366.8 | AM48: ="RST5 "& B48 &" " & C48 & " 100000000-100000000-1.0-0.00001-100000000-100000000 " &AL48&"-"&AL48&"-1.0-0.000000001" -> RST5 y2 x4 100000000-100000000-1.0-0.00001-100000000-100000000 4366.8-4366.8-1.0-0.000000001
B49: y2 | C49: x5 | D49: v | E49: 4273.3 | F49: y2 | G49: x5 | H49: s | I49: 96.7 | J49: y2 | K49: x5 | L49: exl | M49: 1.3 | N49: y2 | O49: x5 | P49: exr | Q49: 5.5 | R49: y2 | S49: x5 | T49: eyl | U49: 99.6 | V49: y2 | W49: x5 | X49: eyr | Y49: -114.4 | Z49: =E49 -> 4273.3 | AA49: =E49+MAX(M49,Q49,U49,Y49)*1.5 -> 4422.7 | AB49: =E49+MIN(M49,Q49,U49,Y49) -> 4158.9 | AC49: F10 | AD49: =V49&"-"&W49 -> y2-x5 | AE49: =E49-E176 -> -20.6 | AF49: =M49-M176 -> -1.9 | AG49: =ABS(ABS(Q49)-ABS(Q176)) -> 2.3 | AH49: =ABS(ABS(U49)-ABS(U176)) -> 14.4 | AI49: =ABS(ABS(Y49)-ABS(Y176)) -> 15 | AJ49: =BA8 -> 3459.4 | AK49: 0 | AL49: =Z49+AK49 -> 4273.3 | AM49: ="RST5 "& B49 &" " & C49 & " 100000000-100000000-1.0-0.00001-100000000-100000000 " &AL49&"-"&AL49&"-1.0-0.000000001" -> RST5 y2 x5 100000000-100000000-1.0-0.00001-100000000-100000000 4273.3-4273.3-1.0-0.000000001
B50: y2 | C50: x6 | D50: v | E50: 4306.7 | F50: y2 | G50: x6 | H50: s | I50: 96.6 | J50: y2 | K50: x6 | L50: exl | M50: 33.9 | N50: y2 | O50: x6 | P50: exr | Q50: 1 | R50: y2 | S50: x6 | T50: eyl | U50: 542.7 | V50: y2 | W50: x6 | X50: eyr | Y50: -112.9 | Z50: =E50 -> 4306.7 | AA50: =E50+MAX(M50,Q50,U50,Y50)*1.5 -> 5120.75 | AB50: =E50+MIN(M50,Q50,U50,Y50) -> 4193.8 | AC50: F10 | AD50: =V50&"-"&W50 -> y2-x6 | AE50: =E50-E177 -> -41.9 | AF50: =M50-M177 -> 34 | AG50: =ABS(ABS(Q50)-ABS(Q177)) -> 52.5 | AH50: =ABS(ABS(U50)-ABS(U177)) -> 47.5 | AI50: =ABS(ABS(Y50)-ABS(Y177)) -> 20.9 | AJ50: =BA9 -> 2588.4 | AK50: 0 | AL50: =Z50+AK50 -> 4306.7 | AM50: ="RST5 "& B50 &" " & C50 & " 100000000-100000000-1.0-0.00001-100000000-100000000 " &AL50&"-"&AL50&"-1.0-0.000000001" -> RST5 y2 x6 100000000-100000000-1.0-0.00001-100000000-100000000 4306.7-4306.7-1.0-0.000000001
B51: y2 | C51: x7 | D51: v | E51: 4409.6 | F51: y2 | G51: x7 | H51: s | I51: 105.8 | J51: y2 | K51: x7 | L51: exl | M51: -0.3 | N51: y2 | O51: x7 | P51: exr | Q51: 5.4 | R51: y2 | S51: x7 | T51: eyl | U51: 1324.5 | V51: y2 | W51: x7 | X51: eyr | Y51: -1220.5 | Z51: =E51 -> 4409.6 | AA51: =E51+MAX(M51,Q51,U51,Y51)*1.5 -> 6396.35 | AB51: =E51+MIN(M51,Q51,U51,Y51) -> 3189.1 | AC51: F10 | AD51: =V51&"-"&W51 -> y2-x7 | AE51: =E51-E178 -> -34.8 | AF51: =M51-M178 -> -8.3 | AG51: =ABS(ABS(Q51)-ABS(Q178)) -> 4.7 | AH51: =ABS(ABS(U51)-ABS(U178)) -> 11.6 | AI51: =ABS(ABS(Y51)-ABS(Y178)) -> 38.1 | AJ51: =BA10 -> 1731.7 | AK51: 0 | AL51: =Z51+AK51 -> 4409.6 | AM51: ="RST5 "& B51 &" " & C51 & " 100000000-100000000-1.0-0.00001-100000000-100000000 " &AL51&"-"&AL51&"-1.0-0.000000001" -> RST5 y2 x7 100000000-100000000-1.0-0.00001-100000000-100000000 4409.6-4409.6-1.0-0.000000001
B52: y2 | C52: x8 | D52: v | E52: 4010.1 | F52: y2 | G52: x8 | H52: s | I52: 103.2 | J52: y2 | K52: x8 | L52: exl | M52: -31.9 | N52: y2 | O52: x8 | P52: exr | Q52: 37.6 | R52: y2 | S52: x8 | T52: eyl | U52: 42.5 | V52: y2 | W52: x8 | X52: eyr | Y52: -56.8 | Z52: =E52 -> 4010.1 | AA52: =E52+MAX(M52,Q52,U52,Y52)*1.5 -> 4073.85 | AB52: =E52+MIN(M52,Q52,U52,Y52) -> 3953.3 | AC52: F10 | AD52: =V52&"-"&W52 -> y2-x8 | AE52: =E52-E179 -> 219 | AF52: =M52-M179 -> 5 | AG52: =ABS(ABS(Q52)-ABS(Q179)) -> 7.4 | AH52: =ABS(ABS(U52)-ABS(U179)) -> 18 | AI52: =ABS(ABS(Y52)-ABS(Y179)) -> 16.7 | AJ52: =BA11 -> 1736.7 | AK52: 0 | AL52: =Z52+AK52 -> 4010.1 | AM52: ="RST5 "& B52 &" " & C52 & " 100000000-100000000-1.0-0.00001-100000000-100000000 " &AL52&"-"&AL52&"-1.0-0.000000001" -> RST5 y2 x8 100000000-100000000-1.0-0.00001-100000000-100000000 4010.1-4010.1-1.0-0.000000001
B53: y2 | C53: x9 | D53: v | E53: 4954.5 | F53: y2 | G53: x9 | H53: s | I53: 52.2 | J53: y2 | K53: x9 | L53: exl | M53: -53.9 | N53: y2 | O53: x9 | P53: exr | Q53: 51.6 | R53: y2 | S53: x9 | T53: eyl | U53: 120.7 | V53: y2 | W53: x9 | X53: eyr | Y53: -134.1 | Z53: =E53 -> 4954.5 | AA53: =E53+MAX(M53,Q53,U53,Y53)*1.5 -> 5135.55 | AB53: =E53+MIN(M53,Q53,U53,Y53) -> 4820.4 | AC53: F10 | AD53: =V53&"-"&W53 -> y2-x9 | AE53: =E53-E180 -> 403.2 | AF53: =M53-M180 -> -16.3 | AG53: =ABS(ABS(Q53)-ABS(Q180)) -> 18.1 | AH53: =ABS(ABS(U53)-ABS(U180)) -> 7.1 | AI53: =ABS(ABS(Y53)-ABS(Y180)) -> 6.6 | AJ53: =BA12 -> 1613.5 | AK53: 0 | AL53: =Z53+AK53 -> 4954.5 | AM53: ="RST5 "& B53 &" " & C53 & " 100000000-100000000-1.0-0.00001-100000000-100000000 " &AL53&"-"&AL53&"-1.0-0.000000001" -> RST5 y2 x9 100000000-100000000-1.0-0.00001-100000000-100000000 4954.5-4954.5-1.0-0.000000001
B54: y2 | C54: x10 | D54: v | E54: 4524.9 | F54: y2 | G54: x10 | H54: s | I54: 0.2 | J54: y2 | K54: x10 | L54: exl | M54: 135.3 | N54: y2 | O54: x10 | P54: exr | Q54: -129.1 | R54: y2 | S54: x10 | T54: eyl | U54: 53.3 | V54: y2 | W54: x10 | X54: eyr | Y54: -61.8 | Z54: =E54 -> 4524.9 | AA54: =E54+MAX(M54,Q54,U54,Y54)*1.5 -> 4727.85 | AB54: =E54+MIN(M54,Q54,U54,Y54) -> 4395.8 | AC54: F10 | AD54: =V54&"-"&W54 -> y2-x10 | AE54: =E54-E181 -> 337.6 | AF54: =M54-M181 -> 32.9 | AG54: =ABS(ABS(Q54)-ABS(Q181)) -> 34.7 | AH54: =ABS(ABS(U54)-ABS(U181)) -> 9.5 | AI54: =ABS(ABS(Y54)-ABS(Y181)) -> 5.8 | AJ54: =BA13 -> 2414.7 | AK54: 0 | AL54: =Z54+AK54 -> 4524.9 | AM54: ="RST5 "& B54 &" " & C54 & " 100000000-100000000-1.0-0.00001-100000000-100000000 " &AL54&"-"&AL54&"-1.0-0.000000001" -> RST5 y2 x10 100000000-100000000-1.0-0.00001-100000000-100000000 4524.9-4524.9-1.0-0.000000001
B55: y2 | C55: x21 | D55: v | E55: 3459.4 | F55: y2 | G55: x21 | H55: s | I55: 1.1 | J55: y2 | K55: x21 | L55: exl | M55: -210.8 | N55: y2 | O55: x21 | P55: exr | Q55: 224 | R55: y2 | S55: x21 | T55: eyl | U55: 822.1 | V55: y2 | W55: x21 | X55: eyr | Y55: -769.3 | Z55: =E55 -> 3459.4 | AA55: =E55+MAX(M55,Q55,U55,Y55)*1.5 -> 4692.55 | AB55: =E55+MIN(M55,Q55,U55,Y55) -> 2690.1 | AC55: F10 | AD55: =V55&"-"&W55 -> y2-x21 | AE55: =E55-E182 -> 158.8 | AF55: =M55-M182 -> -77.8 | AG55: =ABS(ABS(Q55)-ABS(Q182)) -> 91.9 | AH55: =ABS(ABS(U55)-ABS(U182)) -> 190.6 | AI55: =ABS(ABS(Y55)-ABS(Y182)) -> 216.2 | AJ55: =BA14 -> 2189.1 | AK55: 0 | AL55: =Z55+AK55 -> 3459.4 | AM55: ="RST5 "& B55 &" " & C55 & " 100000000-100000000-1.0-0.00001-100000000-100000000 " &AL55&"-"&AL55&"-1.0-0.000000001" -> RST5 y2 x21 100000000-100000000-1.0-0.00001-100000000-100000000 3459.4-3459.4-1.0-0.000000001
B56: y2 | C56: x22 | D56: v | E56: 2087 | F56: y2 | G56: x22 | H56: s | I56: 0 | J56: y2 | K56: x22 | L56: exl | M56: 279.8 | N56: y2 | O56: x22 | P56: exr | Q56: -274.7 | R56: y2 | S56: x22 | T56: eyl | U56: 119.2 | V56: y2 | W56: x22 | X56: eyr | Y56: -129.8 | Z56: =E56 -> 2087 | AA56: =E56+MAX(M56,Q56,U56,Y56)*1.5 -> 2506.7 | AB56: =E56+MIN(M56,Q56,U56,Y56) -> 1812.3 | AC56: F20 | AD56: =V56&"-"&W56 -> y2-x22 | AE56: =E56-E183 -> 521.3 | AF56: =M56-M183 -> 109.8 | AG56: =ABS(ABS(Q56)-ABS(Q183)) -> 109 | AH56: =ABS(ABS(U56)-ABS(U183)) -> 82.9 | AI56: =ABS(ABS(Y56)-ABS(Y183)) -> 78.3 | AJ56: =BA15 -> 2113.2 | AK56: 0 | AL56: =Z56+AK56 -> 2087 | AM56: ="RST5 "& B56 &" " & C56 & " 100000000-100000000-1.0-0.00001-100000000-100000000 " &AL56&"-"&AL56&"-1.0-0.000000001" -> RST5 y2 x22 100000000-100000000-1.0-0.00001-100000000-100000000 2087-2087-1.0-0.000000001
B57: y3 | C57: x1 | D57: v | E57: 2515 | F57: y3 | G57: x1 | H57: s | I57: 51.6 | J57: y3 | K57: x1 | L57: exl | M57: -234.4 | N57: y3 | O57: x1 | P57: exr | Q57: 245.8 | R57: y3 | S57: x1 | T57: eyl | U57: 878 | V57: y3 | W57: x1 | X57: eyr | Y57: -887.1 | Z57: =E57 -> 2515 | AA57: =E57+MAX(M57,Q57,U57,Y57)*1.5 -> 3832 | AB57: =E57+MIN(M57,Q57,U57,Y57) -> 1627.9 | AC57: F21 | AD57: =V57&"-"&W57 -> y3-x1 | AE57: =E57-E184 -> 33 | AF57: =M57-M184 -> -25.8 | AG57: =ABS(ABS(Q57)-ABS(Q184)) -> 33.8 | AH57: =ABS(ABS(U57)-ABS(U184)) -> 18.3 | AI57: =ABS(ABS(Y57)-ABS(Y184)) -> 15 | AJ57: =AZ4 -> 0 | AK57: 0 | AL57: =Z57+AK57 -> 2515 | AM57: ="RST5 "& B57 &" " & C57 & " 100000000-100000000-1.0-0.00001-100000000-100000000 " &AL57&"-"&AL57&"-1.0-0.000000001" -> RST5 y3 x1 100000000-100000000-1.0-0.00001-100000000-100000000 2515-2515-1.0-0.000000001
B58: y3 | C58: x2 | D58: v | E58: 4334.9 | F58: y3 | G58: x2 | H58: s | I58: 98 | J58: y3 | K58: x2 | L58: exl | M58: 87.5 | N58: y3 | O58: x2 | P58: exr | Q58: -102.5 | R58: y3 | S58: x2 | T58: eyl | U58: -52.4 | V58: y3 | W58: x2 | X58: eyr | Y58: 57.9 | Z58: =E58 -> 4334.9 | AA58: =E58+MAX(M58,Q58,U58,Y58)*1.5 -> 4466.15 | AB58: =E58+MIN(M58,Q58,U58,Y58) -> 4232.4 | AC58: F10 | AD58: =V58&"-"&W58 -> y3-x2 | AE58: =E58-E185 -> -12.2 | AF58: =M58-M185 -> 3.8 | AG58: =ABS(ABS(Q58)-ABS(Q185)) -> 5.8 | AH58: =ABS(ABS(U58)-ABS(U185)) -> 1.8 | AI58: =ABS(ABS(Y58)-ABS(Y185)) -> 3.2 | AJ58: =AZ5 -> 0 | AK58: 0 | AL58: =Z58+AK58 -> 4334.9 | AM58: ="RST5 "& B58 &" " & C58 & " 100000000-100000000-1.0-0.00001-100000000-100000000 " &AL58&"-"&AL58&"-1.0-0.000000001" -> RST5 y3 x2 100000000-100000000-1.0-0.00001-100000000-100000000 4334.9-4334.9-1.0-0.000000001
B59: y3 | C59: x3 | D59: v | E59: 4124.7 | F59: y3 | G59: x3 | H59: s | I59: 99.7 | J59: y3 | K59: x3 | L59: exl | M59: -15 | N59: y3 | O59: x3 | P59: exr | Q59: 19.9 | R59: y3 | S59: x3 | T59: eyl | U59: -22.3 | V59: y3 | W59: x3 | X59: eyr | Y59: 39.7 | Z59: =E59 -> 4124.7 | AA59: =E59+MAX(M59,Q59,U59,Y59)*1.5 -> 4184.25 | AB59: =E59+MIN(M59,Q59,U59,Y59) -> 4102.4 | AC59: F10 | AD59: =V59&"-"&W59 -> y3-x3 | AE59: =E59-E186 -> -20 | AF59: =M59-M186 -> 0.3 | AG59: =ABS(ABS(Q59)-ABS(Q186)) -> 0.3 | AH59: =ABS(ABS(U59)-ABS(U186)) -> 9.4 | AI59: =ABS(ABS(Y59)-ABS(Y186)) -> 12 | AJ59: =AZ6 -> 軸 | AK59: 0 | AL59: =Z59+AK59 -> 4124.7 | AM59: ="RST5 "& B59 &" " & C59 & " 100000000-100000000-1.0-0.00001-100000000-100000000 " &AL59&"-"&AL59&"-1.0-0.000000001" -> RST5 y3 x3 100000000-100000000-1.0-0.00001-100000000-100000000 4124.7-4124.7-1.0-0.000000001
B60: y3 | C60: x4 | D60: v | E60: 4177.1 | F60: y3 | G60: x4 | H60: s | I60: 99.2 | J60: y3 | K60: x4 | L60: exl | M60: 8.1 | N60: y3 | O60: x4 | P60: exr | Q60: -10 | R60: y3 | S60: x4 | T60: eyl | U60: -87.3 | V60: y3 | W60: x4 | X60: eyr | Y60: -8.1 | Z60: =E60 -> 4177.1 | AA60: =E60+MAX(M60,Q60,U60,Y60)*1.5 -> 4189.25 | AB60: =E60+MIN(M60,Q60,U60,Y60) -> 4089.8 | AC60: F10 | AD60: =V60&"-"&W60 -> y3-x4 | AE60: =E60-E187 -> -37.8 | AF60: =M60-M187 -> 0.4 | AG60: =ABS(ABS(Q60)-ABS(Q187)) -> 0.9 | AH60: =ABS(ABS(U60)-ABS(U187)) -> 1.2 | AI60: =ABS(ABS(Y60)-ABS(Y187)) -> 2.3 | AJ60: =AZ7 -> x21 | AK60: 0 | AL60: =Z60+AK60 -> 4177.1 | AM60: ="RST5 "& B60 &" " & C60 & " 100000000-100000000-1.0-0.00001-100000000-100000000 " &AL60&"-"&AL60&"-1.0-0.000000001" -> RST5 y3 x4 100000000-100000000-1.0-0.00001-100000000-100000000 4177.1-4177.1-1.0-0.000000001
B61: y3 | C61: x5 | D61: v | E61: 4135.7 | F61: y3 | G61: x5 | H61: s | I61: 99.6 | J61: y3 | K61: x5 | L61: exl | M61: -4.7 | N61: y3 | O61: x5 | P61: exr | Q61: 0.2 | R61: y3 | S61: x5 | T61: eyl | U61: -30.5 | V61: y3 | W61: x5 | X61: eyr | Y61: 34.4 | Z61: =E61 -> 4135.7 | AA61: =E61+MAX(M61,Q61,U61,Y61)*1.5 -> 4187.3 | AB61: =E61+MIN(M61,Q61,U61,Y61) -> 4105.2 | AC61: F10 | AD61: =V61&"-"&W61 -> y3-x5 | AE61: =E61-E188 -> -14.1 | AF61: =M61-M188 -> -0.3 | AG61: =ABS(ABS(Q61)-ABS(Q188)) -> 1.7 | AH61: =ABS(ABS(U61)-ABS(U188)) -> 3.7 | AI61: =ABS(ABS(Y61)-ABS(Y188)) -> 2.1 | AJ61: =AZ8 -> x21 | AK61: 0 | AL61: =Z61+AK61 -> 4135.7 | AM61: ="RST5 "& B61 &" " & C61 & " 100000000-100000000-1.0-0.00001-100000000-100000000 " &AL61&"-"&AL61&"-1.0-0.000000001" -> RST5 y3 x5 100000000-100000000-1.0-0.00001-100000000-100000000 4135.7-4135.7-1.0-0.000000001
B62: y3 | C62: x6 | D62: v | E62: 4168.5 | F62: y3 | G62: x6 | H62: s | I62: 99.6 | J62: y3 | K62: x6 | L62: exl | M62: -4.7 | N62: y3 | O62: x6 | P62: exr | Q62: 2.1 | R62: y3 | S62: x6 | T62: eyl | U62: -26.4 | V62: y3 | W62: x6 | X62: eyr | Y62: 42.5 | Z62: =E62 -> 4168.5 | AA62: =E62+MAX(M62,Q62,U62,Y62)*1.5 -> 4232.25 | AB62: =E62+MIN(M62,Q62,U62,Y62) -> 4142.1 | AC62: F10 | AD62: =V62&"-"&W62 -> y3-x6 | AE62: =E62-E189 -> -30.2 | AF62: =M62-M189 -> -0.2 | AG62: =ABS(ABS(Q62)-ABS(Q189)) -> 0.6 | AH62: =ABS(ABS(U62)-ABS(U189)) -> 5.2 | AI62: =ABS(ABS(Y62)-ABS(Y189)) -> 4.1 | AJ62: =AZ9 -> x21 | AK62: 0 | AL62: =Z62+AK62 -> 4168.5 | AM62: ="RST5 "& B62 &" " & C62 & " 100000000-100000000-1.0-0.00001-100000000-100000000 " &AL62&"-"&AL62&"-1.0-0.000000001" -> RST5 y3 x6 100000000-100000000-1.0-0.00001-100000000-100000000 4168.5-4168.5-1.0-0.000000001
B63: y3 | C63: x7 | D63: v | E63: 4279.3 | F63: y3 | G63: x7 | H63: s | I63: 97.8 | J63: y3 | K63: x7 | L63: exl | M63: 7.6 | N63: y3 | O63: x7 | P63: exr | Q63: -9 | R63: y3 | S63: x7 | T63: eyl | U63: -90.7 | V63: y3 | W63: x7 | X63: eyr | Y63: -41.6 | Z63: =E63 -> 4279.3 | AA63: =E63+MAX(M63,Q63,U63,Y63)*1.5 -> 4290.7 | AB63: =E63+MIN(M63,Q63,U63,Y63) -> 4188.6 | AC63: F10 | AD63: =V63&"-"&W63 -> y3-x7 | AE63: =E63-E190 -> -34.7 | AF63: =M63-M190 -> -0.1 | AG63: =ABS(ABS(Q63)-ABS(Q190)) -> 0.1 | AH63: =ABS(ABS(U63)-ABS(U190)) -> 0.1 | AI63: =ABS(ABS(Y63)-ABS(Y190)) -> 1.3 | AJ63: =AZ10 -> x21 | AK63: 0 | AL63: =Z63+AK63 -> 4279.3 | AM63: ="RST5 "& B63 &" " & C63 & " 100000000-100000000-1.0-0.00001-100000000-100000000 " &AL63&"-"&AL63&"-1.0-0.000000001" -> RST5 y3 x7 100000000-100000000-1.0-0.00001-100000000-100000000 4279.3-4279.3-1.0-0.000000001
B64: y3 | C64: x8 | D64: v | E64: 3954.8 | F64: y3 | G64: x8 | H64: s | I64: 99.1 | J64: y3 | K64: x8 | L64: exl | M64: -9.9 | N64: y3 | O64: x8 | P64: exr | Q64: 10.6 | R64: y3 | S64: x8 | T64: eyl | U64: -14.5 | V64: y3 | W64: x8 | X64: eyr | Y64: 18.5 | Z64: =E64 -> 3954.8 | AA64: =E64+MAX(M64,Q64,U64,Y64)*1.5 -> 3982.55 | AB64: =E64+MIN(M64,Q64,U64,Y64) -> 3940.3 | AC64: F10 | AD64: =V64&"-"&W64 -> y3-x8 | AE64: =E64-E191 -> 227.5 | AF64: =M64-M191 -> -0.4 | AG64: =ABS(ABS(Q64)-ABS(Q191)) -> 0.5 | AH64: =ABS(ABS(U64)-ABS(U191)) -> 2.3 | AI64: =ABS(ABS(Y64)-ABS(Y191)) -> 1.9 | AJ64: =AZ11 -> x21 | AK64: 0 | AL64: =Z64+AK64 -> 3954.8 | AM64: ="RST5 "& B64 &" " & C64 & " 100000000-100000000-1.0-0.00001-100000000-100000000 " &AL64&"-"&AL64&"-1.0-0.000000001" -> RST5 y3 x8 100000000-100000000-1.0-0.00001-100000000-100000000 3954.8-3954.8-1.0-0.000000001
B65: y3 | C65: x9 | D65: v | E65: 4771.2 | F65: y3 | G65: x9 | H65: s | I65: 50.6 | J65: y3 | K65: x9 | L65: exl | M65: -57.8 | N65: y3 | O65: x9 | P65: exr | Q65: 54.3 | R65: y3 | S65: x9 | T65: eyl | U65: -28.3 | V65: y3 | W65: x9 | X65: eyr | Y65: 30.3 | Z65: =E65 -> 4771.2 | AA65: =E65+MAX(M65,Q65,U65,Y65)*1.5 -> 4852.65 | AB65: =E65+MIN(M65,Q65,U65,Y65) -> 4713.4 | AC65: F10 | AD65: =V65&"-"&W65 -> y3-x9 | AE65: =E65-E192 -> 384.7 | AF65: =M65-M192 -> -9.1 | AG65: =ABS(ABS(Q65)-ABS(Q192)) -> 10.4 | AH65: =ABS(ABS(U65)-ABS(U192)) -> 0.5 | AI65: =ABS(ABS(Y65)-ABS(Y192)) -> 1.8 | AJ65: =AZ12 -> x21 | AK65: 0 | AL65: =Z65+AK65 -> 4771.2 | AM65: ="RST5 "& B65 &" " & C65 & " 100000000-100000000-1.0-0.00001-100000000-100000000 " &AL65&"-"&AL65&"-1.0-0.000000001" -> RST5 y3 x9 100000000-100000000-1.0-0.00001-100000000-100000000 4771.2-4771.2-1.0-0.000000001
B66: y3 | C66: x10 | D66: v | E66: 4068.3 | F66: y3 | G66: x10 | H66: s | I66: 0.2 | J66: y3 | K66: x10 | L66: exl | M66: 165.9 | N66: y3 | O66: x10 | P66: exr | Q66: -163.8 | R66: y3 | S66: x10 | T66: eyl | U66: 27.4 | V66: y3 | W66: x10 | X66: eyr | Y66: -22.2 | Z66: =E66 -> 4068.3 | AA66: =E66+MAX(M66,Q66,U66,Y66)*1.5 -> 4317.15 | AB66: =E66+MIN(M66,Q66,U66,Y66) -> 3904.5 | AC66: F10 | AD66: =V66&"-"&W66 -> y3-x10 | AE66: =E66-E193 -> 319.4 | AF66: =M66-M193 -> 9.2 | AG66: =ABS(ABS(Q66)-ABS(Q193)) -> 8.8 | AH66: =ABS(ABS(U66)-ABS(U193)) -> 12.1 | AI66: =ABS(ABS(Y66)-ABS(Y193)) -> 11.4 | AJ66: =AZ13 -> x21 | AK66: 0 | AL66: =Z66+AK66 -> 4068.3 | AM66: ="RST5 "& B66 &" " & C66 & " 100000000-100000000-1.0-0.00001-100000000-100000000 " &AL66&"-"&AL66&"-1.0-0.000000001" -> RST5 y3 x10 100000000-100000000-1.0-0.00001-100000000-100000000 4068.3-4068.3-1.0-0.000000001
B67: y3 | C67: x21 | D67: v | E67: 2588.4 | F67: y3 | G67: x21 | H67: s | I67: -0.2 | J67: y3 | K67: x21 | L67: exl | M67: -79.2 | N67: y3 | O67: x21 | P67: exr | Q67: 73.8 | R67: y3 | S67: x21 | T67: eyl | U67: -11.1 | V67: y3 | W67: x21 | X67: eyr | Y67: -12.9 | Z67: =E67 -> 2588.4 | AA67: =E67+MAX(M67,Q67,U67,Y67)*1.5 -> 2699.1 | AB67: =E67+MIN(M67,Q67,U67,Y67) -> 2509.2 | AC67: F20 | AD67: =V67&"-"&W67 -> y3-x21 | AE67: =E67-E194 -> -18.7 | AF67: =M67-M194 -> 19 | AG67: =ABS(ABS(Q67)-ABS(Q194)) -> 15.2 | AH67: =ABS(ABS(U67)-ABS(U194)) -> 9.9 | AI67: =ABS(ABS(Y67)-ABS(Y194)) -> 19.5 | AJ67: =AZ14 -> x21 | AK67: 0 | AL67: =Z67+AK67 -> 2588.4 | AM67: ="RST5 "& B67 &" " & C67 & " 100000000-100000000-1.0-0.00001-100000000-100000000 " &AL67&"-"&AL67&"-1.0-0.000000001" -> RST5 y3 x21 100000000-100000000-1.0-0.00001-100000000-100000000 2588.4-2588.4-1.0-0.000000001
B68: y3 | C68: x22 | D68: v | E68: 1460.1 | F68: y3 | G68: x22 | H68: s | I68: 0 | J68: y3 | K68: x22 | L68: exl | M68: 123.3 | N68: y3 | O68: x22 | P68: exr | Q68: -120.8 | R68: y3 | S68: x22 | T68: eyl | U68: -36.7 | V68: y3 | W68: x22 | X68: eyr | Y68: 35.2 | Z68: =E68 -> 1460.1 | AA68: =E68+MAX(M68,Q68,U68,Y68)*1.5 -> 1645.05 | AB68: =E68+MIN(M68,Q68,U68,Y68) -> 1339.3 | AC68: F20 | AD68: =V68&"-"&W68 -> y3-x22 | AE68: =E68-E195 -> -8.2 | AF68: =M68-M195 -> -14.3 | AG68: =ABS(ABS(Q68)-ABS(Q195)) -> 13.4 | AH68: =ABS(ABS(U68)-ABS(U195)) -> 8.8 | AI68: =ABS(ABS(Y68)-ABS(Y195)) -> 4.8 | AJ68: =AZ15 -> x21 | AK68: 0 | AL68: =Z68+AK68 -> 1460.1 | AM68: ="RST5 "& B68 &" " & C68 & " 100000000-100000000-1.0-0.00001-100000000-100000000 " &AL68&"-"&AL68&"-1.0-0.000000001" -> RST5 y3 x22 100000000-100000000-1.0-0.00001-100000000-100000000 1460.1-1460.1-1.0-0.000000001
B69: y4 | C69: x1 | D69: v | E69: 2539.9 | F69: y4 | G69: x1 | H69: s | I69: 51.6 | J69: y4 | K69: x1 | L69: exl | M69: -205.6 | N69: y4 | O69: x1 | P69: exr | Q69: 230 | R69: y4 | S69: x1 | T69: eyl | U69: -914.7 | V69: y4 | W69: x1 | X69: eyr | Y69: 891 | Z69: =E69 -> 2539.9 | AA69: =E69+MAX(M69,Q69,U69,Y69)*1.5 -> 3876.4 | AB69: =E69+MIN(M69,Q69,U69,Y69) -> 1625.2 | AC69: F21 | AD69: =V69&"-"&W69 -> y4-x1 | AE69: =E69-E196 -> 36.2 | AF69: =M69-M196 -> 28.1 | AG69: =ABS(ABS(Q69)-ABS(Q196)) -> 2.3 | AH69: =ABS(ABS(U69)-ABS(U196)) -> 14.7 | AI69: =ABS(ABS(Y69)-ABS(Y196)) -> 13.6 | AJ69: =AY4 -> 0 | AK69: 0 | AL69: =Z69+AK69 -> 2539.9 | AM69: ="RST5 "& B69 &" " & C69 & " 100000000-100000000-1.0-0.00001-100000000-100000000 " &AL69&"-"&AL69&"-1.0-0.000000001" -> RST5 y4 x1 100000000-100000000-1.0-0.00001-100000000-100000000 2539.9-2539.9-1.0-0.000000001
B70: y4 | C70: x2 | D70: v | E70: 4364.2 | F70: y4 | G70: x2 | H70: s | I70: 97.8 | J70: y4 | K70: x2 | L70: exl | M70: 88.6 | N70: y4 | O70: x2 | P70: exr | Q70: -102.3 | R70: y4 | S70: x2 | T70: eyl | U70: 30.3 | V70: y4 | W70: x2 | X70: eyr | Y70: -32.1 | Z70: =E70 -> 4364.2 | AA70: =E70+MAX(M70,Q70,U70,Y70)*1.5 -> 4497.1 | AB70: =E70+MIN(M70,Q70,U70,Y70) -> 4261.9 | AC70: F10 | AD70: =V70&"-"&W70 -> y4-x2 | AE70: =E70-E197 -> -11.5 | AF70: =M70-M197 -> 3.6 | AG70: =ABS(ABS(Q70)-ABS(Q197)) -> 3.2 | AH70: =ABS(ABS(U70)-ABS(U197)) -> 3.8 | AI70: =ABS(ABS(Y70)-ABS(Y197)) -> 4.5 | AJ70: =AY5 -> 0 | AK70: 0 | AL70: =Z70+AK70 -> 4364.2 | AM70: ="RST5 "& B70 &" " & C70 & " 100000000-100000000-1.0-0.00001-100000000-100000000 " &AL70&"-"&AL70&"-1.0-0.000000001" -> RST5 y4 x2 100000000-100000000-1.0-0.00001-100000000-100000000 4364.2-4364.2-1.0-0.000000001
B71: y4 | C71: x3 | D71: v | E71: 4146.7 | F71: y4 | G71: x3 | H71: s | I71: 99.5 | J71: y4 | K71: x3 | L71: exl | M71: -13 | N71: y4 | O71: x3 | P71: exr | Q71: 29.5 | R71: y4 | S71: x3 | T71: eyl | U71: 4.4 | V71: y4 | W71: x3 | X71: eyr | Y71: 476.4 | Z71: =E71 -> 4146.7 | AA71: =E71+MAX(M71,Q71,U71,Y71)*1.5 -> 4861.3 | AB71: =E71+MIN(M71,Q71,U71,Y71) -> 4133.7 | AC71: F10 | AD71: =V71&"-"&W71 -> y4-x3 | AE71: =E71-E198 -> -22.7 | AF71: =M71-M198 -> -0.1 | AG71: =ABS(ABS(Q71)-ABS(Q198)) -> 14.4 | AH71: =ABS(ABS(U71)-ABS(U198)) -> 423.4 | AI71: =ABS(ABS(Y71)-ABS(Y198)) -> 51.3 | AJ71: =AY6 -> 通 | AK71: 0 | AL71: =Z71+AK71 -> 4146.7 | AM71: ="RST5 "& B71 &" " & C71 & " 100000000-100000000-1.0-0.00001-100000000-100000000 " &AL71&"-"&AL71&"-1.0-0.000000001" -> RST5 y4 x3 100000000-100000000-1.0-0.00001-100000000-100000000 4146.7-4146.7-1.0-0.000000001
B72: y4 | C72: x4 | D72: v | E72: 4230.3 | F72: y4 | G72: x4 | H72: s | I72: 99.2 | J72: y4 | K72: x4 | L72: exl | M72: 17.7 | N72: y4 | O72: x4 | P72: exr | Q72: -10.4 | R72: y4 | S72: x4 | T72: eyl | U72: -868.5 | V72: y4 | W72: x4 | X72: eyr | Y72: 872.6 | Z72: =E72 -> 4230.3 | AA72: =E72+MAX(M72,Q72,U72,Y72)*1.5 -> 5539.2 | AB72: =E72+MIN(M72,Q72,U72,Y72) -> 3361.8 | AC72: F10 | AD72: =V72&"-"&W72 -> y4-x4 | AE72: =E72-E199 -> -36.8 | AF72: =M72-M199 -> 10.4 | AG72: =ABS(ABS(Q72)-ABS(Q199)) -> 3.7 | AH72: =ABS(ABS(U72)-ABS(U199)) -> 9.6 | AI72: =ABS(ABS(Y72)-ABS(Y199)) -> 11.8 | AJ72: =AY7 -> Y1 | AK72: 0 | AL72: =Z72+AK72 -> 4230.3 | AM72: ="RST5 "& B72 &" " & C72 & " 100000000-100000000-1.0-0.00001-100000000-100000000 " &AL72&"-"&AL72&"-1.0-0.000000001" -> RST5 y4 x4 100000000-100000000-1.0-0.00001-100000000-100000000 4230.3-4230.3-1.0-0.000000001
B73: y4 | C73: x5 | D73: v | E73: 4169.5 | F73: y4 | G73: x5 | H73: s | I73: 99.4 | J73: y4 | K73: x5 | L73: exl | M73: 4.8 | N73: y4 | O73: x5 | P73: exr | Q73: 0.5 | R73: y4 | S73: x5 | T73: eyl | U73: 34.4 | V73: y4 | W73: x5 | X73: eyr | Y73: -35.5 | Z73: =E73 -> 4169.5 | AA73: =E73+MAX(M73,Q73,U73,Y73)*1.5 -> 4221.1 | AB73: =E73+MIN(M73,Q73,U73,Y73) -> 4134 | AC73: F10 | AD73: =V73&"-"&W73 -> y4-x5 | AE73: =E73-E200 -> -14.1 | AF73: =M73-M200 -> -1.9 | AG73: =ABS(ABS(Q73)-ABS(Q200)) -> 0.4 | AH73: =ABS(ABS(U73)-ABS(U200)) -> 1.6 | AI73: =ABS(ABS(Y73)-ABS(Y200)) -> 1.5 | AJ73: =AY8 -> Y2 | AK73: 0 | AL73: =Z73+AK73 -> 4169.5 | AM73: ="RST5 "& B73 &" " & C73 & " 100000000-100000000-1.0-0.00001-100000000-100000000 " &AL73&"-"&AL73&"-1.0-0.000000001" -> RST5 y4 x5 100000000-100000000-1.0-0.00001-100000000-100000000 4169.5-4169.5-1.0-0.000000001
B74: y4 | C74: x6 | D74: v | E74: 4208.5 | F74: y4 | G74: x6 | H74: s | I74: 99.4 | J74: y4 | K74: x6 | L74: exl | M74: -1.1 | N74: y4 | O74: x6 | P74: exr | Q74: 6.3 | R74: y4 | S74: x6 | T74: eyl | U74: 31.2 | V74: y4 | W74: x6 | X74: eyr | Y74: 440.9 | Z74: =E74 -> 4208.5 | AA74: =E74+MAX(M74,Q74,U74,Y74)*1.5 -> 4869.85 | AB74: =E74+MIN(M74,Q74,U74,Y74) -> 4207.4 | AC74: F10 | AD74: =V74&"-"&W74 -> y4-x6 | AE74: =E74-E201 -> -32.5 | AF74: =M74-M201 -> 0.7 | AG74: =ABS(ABS(Q74)-ABS(Q201)) -> 29.7 | AH74: =ABS(ABS(U74)-ABS(U201)) -> 1.3 | AI74: =ABS(ABS(Y74)-ABS(Y201)) -> 73 | AJ74: =AY9 -> Y3 | AK74: 0 | AL74: =Z74+AK74 -> 4208.5 | AM74: ="RST5 "& B74 &" " & C74 & " 100000000-100000000-1.0-0.00001-100000000-100000000 " &AL74&"-"&AL74&"-1.0-0.000000001" -> RST5 y4 x6 100000000-100000000-1.0-0.00001-100000000-100000000 4208.5-4208.5-1.0-0.000000001
B75: y4 | C75: x7 | D75: v | E75: 4331.6 | F75: y4 | G75: x7 | H75: s | I75: 99.5 | J75: y4 | K75: x7 | L75: exl | M75: 19.9 | N75: y4 | O75: x7 | P75: exr | Q75: -12.4 | R75: y4 | S75: x7 | T75: eyl | U75: -1179 | V75: y4 | W75: x7 | X75: eyr | Y75: 1176.6 | Z75: =E75 -> 4331.6 | AA75: =E75+MAX(M75,Q75,U75,Y75)*1.5 -> 6096.5 | AB75: =E75+MIN(M75,Q75,U75,Y75) -> 3152.6 | AC75: F10 | AD75: =V75&"-"&W75 -> y4-x7 | AE75: =E75-E202 -> -34.7 | AF75: =M75-M202 -> -6.5 | AG75: =ABS(ABS(Q75)-ABS(Q202)) -> 1.2 | AH75: =ABS(ABS(U75)-ABS(U202)) -> 6.5 | AI75: =ABS(ABS(Y75)-ABS(Y202)) -> 5.7 | AJ75: =AY10 -> Y4 | AK75: 0 | AL75: =Z75+AK75 -> 4331.6 | AM75: ="RST5 "& B75 &" " & C75 & " 100000000-100000000-1.0-0.00001-100000000-100000000 " &AL75&"-"&AL75&"-1.0-0.000000001" -> RST5 y4 x7 100000000-100000000-1.0-0.00001-100000000-100000000 4331.6-4331.6-1.0-0.000000001
B76: y4 | C76: x8 | D76: v | E76: 3931 | F76: y4 | G76: x8 | H76: s | I76: 99.4 | J76: y4 | K76: x8 | L76: exl | M76: -34.3 | N76: y4 | O76: x8 | P76: exr | Q76: 40.5 | R76: y4 | S76: x8 | T76: eyl | U76: 30.6 | V76: y4 | W76: x8 | X76: eyr | Y76: -31.2 | Z76: =E76 -> 3931 | AA76: =E76+MAX(M76,Q76,U76,Y76)*1.5 -> 3991.75 | AB76: =E76+MIN(M76,Q76,U76,Y76) -> 3896.7 | AC76: F10 | AD76: =V76&"-"&W76 -> y4-x8 | AE76: =E76-E203 -> 229 | AF76: =M76-M203 -> -2.1 | AG76: =ABS(ABS(Q76)-ABS(Q203)) -> 0.8 | AH76: =ABS(ABS(U76)-ABS(U203)) -> 2.3 | AI76: =ABS(ABS(Y76)-ABS(Y203)) -> 2.3 | AJ76: =AY11 -> Y5 | AK76: 0 | AL76: =Z76+AK76 -> 3931 | AM76: ="RST5 "& B76 &" " & C76 & " 100000000-100000000-1.0-0.00001-100000000-100000000 " &AL76&"-"&AL76&"-1.0-0.000000001" -> RST5 y4 x8 100000000-100000000-1.0-0.00001-100000000-100000000 3931-3931-1.0-0.000000001
B77: y4 | C77: x9 | D77: v | E77: 5076.9 | F77: y4 | G77: x9 | H77: s | I77: 50.8 | J77: y4 | K77: x9 | L77: exl | M77: 18.2 | N77: y4 | O77: x9 | P77: exr | Q77: -22.9 | R77: y4 | S77: x9 | T77: eyl | U77: 10.1 | V77: y4 | W77: x9 | X77: eyr | Y77: -10.6 | Z77: =E77 -> 5076.9 | AA77: =E77+MAX(M77,Q77,U77,Y77)*1.5 -> 5104.2 | AB77: =E77+MIN(M77,Q77,U77,Y77) -> 5054 | AC77: F10 | AD77: =V77&"-"&W77 -> y4-x9 | AE77: =E77-E204 -> 404.8 | AF77: =M77-M204 -> -1.4 | AG77: =ABS(ABS(Q77)-ABS(Q204)) -> 1.6 | AH77: =ABS(ABS(U77)-ABS(U204)) -> 5.9 | AI77: =ABS(ABS(Y77)-ABS(Y204)) -> 4.8 | AJ77: =AY12 -> Y6 | AK77: 0 | AL77: =Z77+AK77 -> 5076.9 | AM77: ="RST5 "& B77 &" " & C77 & " 100000000-100000000-1.0-0.00001-100000000-100000000 " &AL77&"-"&AL77&"-1.0-0.000000001" -> RST5 y4 x9 100000000-100000000-1.0-0.00001-100000000-100000000 5076.9-5076.9-1.0-0.000000001
B78: y4 | C78: x10 | D78: v | E78: 2811.8 | F78: y4 | G78: x10 | H78: s | I78: -0.1 | J78: y4 | K78: x10 | L78: exl | M78: 147.8 | N78: y4 | O78: x10 | P78: exr | Q78: -143.9 | R78: y4 | S78: x10 | T78: eyl | U78: -2.5 | V78: y4 | W78: x10 | X78: eyr | Y78: 1.5 | Z78: =E78 -> 2811.8 | AA78: =E78+MAX(M78,Q78,U78,Y78)*1.5 -> 3033.5 | AB78: =E78+MIN(M78,Q78,U78,Y78) -> 2667.9 | AC78: F21 | AD78: =V78&"-"&W78 -> y4-x10 | AE78: =E78-E205 -> 296.1 | AF78: =M78-M205 -> 8.8 | AG78: =ABS(ABS(Q78)-ABS(Q205)) -> 9.3 | AH78: =ABS(ABS(U78)-ABS(U205)) -> 11.7 | AI78: =ABS(ABS(Y78)-ABS(Y205)) -> 13.4 | AJ78: =AY13 -> Y7 | AK78: 0 | AL78: =Z78+AK78 -> 2811.8 | AM78: ="RST5 "& B78 &" " & C78 & " 100000000-100000000-1.0-0.00001-100000000-100000000 " &AL78&"-"&AL78&"-1.0-0.000000001" -> RST5 y4 x10 100000000-100000000-1.0-0.00001-100000000-100000000 2811.8-2811.8-1.0-0.000000001
B79: y4 | C79: x21 | D79: v | E79: 1731.7 | F79: y4 | G79: x21 | H79: s | I79: 0 | J79: y4 | K79: x21 | L79: exl | M79: -63.2 | N79: y4 | O79: x21 | P79: exr | Q79: 61.9 | R79: y4 | S79: x21 | T79: eyl | U79: 5.7 | V79: y4 | W79: x21 | X79: eyr | Y79: 2.6 | Z79: =E79 -> 1731.7 | AA79: =E79+MAX(M79,Q79,U79,Y79)*1.5 -> 1824.55 | AB79: =E79+MIN(M79,Q79,U79,Y79) -> 1668.5 | AC79: F30 | AD79: =V79&"-"&W79 -> y4-x21 | AE79: =E79-E206 -> -3.6 | AF79: =M79-M206 -> -22.7 | AG79: =ABS(ABS(Q79)-ABS(Q206)) -> 20.5 | AH79: =ABS(ABS(U79)-ABS(U206)) -> 6.6 | AI79: =ABS(ABS(Y79)-ABS(Y206)) -> 1.2 | AJ79: =AY14 -> Y8 | AK79: 0 | AL79: =Z79+AK79 -> 1731.7 | AM79: ="RST5 "& B79 &" " & C79 & " 100000000-100000000-1.0-0.00001-100000000-100000000 " &AL79&"-"&AL79&"-1.0-0.000000001" -> RST5 y4 x21 100000000-100000000-1.0-0.00001-100000000-100000000 1731.7-1731.7-1.0-0.000000001
B80: y4 | C80: x22 | D80: v | E80: 1732.1 | F80: y4 | G80: x22 | H80: s | I80: 0 | J80: y4 | K80: x22 | L80: exl | M80: 59.8 | N80: y4 | O80: x22 | P80: exr | Q80: -56.6 | R80: y4 | S80: x22 | T80: eyl | U80: 4.5 | V80: y4 | W80: x22 | X80: eyr | Y80: 7.9 | Z80: =E80 -> 1732.1 | AA80: =E80+MAX(M80,Q80,U80,Y80)*1.5 -> 1821.8 | AB80: =E80+MIN(M80,Q80,U80,Y80) -> 1675.5 | AC80: F20 | AD80: =V80&"-"&W80 -> y4-x22 | AE80: =E80-E207 -> 1 | AF80: =M80-M207 -> 17.7 | AG80: =ABS(ABS(Q80)-ABS(Q207)) -> 16 | AH80: =ABS(ABS(U80)-ABS(U207)) -> 3.6 | AI80: =ABS(ABS(Y80)-ABS(Y207)) -> 6.8 | AJ80: =AY15 -> Y9 | AK80: 0 | AL80: =Z80+AK80 -> 1732.1 | AM80: ="RST5 "& B80 &" " & C80 & " 100000000-100000000-1.0-0.00001-100000000-100000000 " &AL80&"-"&AL80&"-1.0-0.000000001" -> RST5 y4 x22 100000000-100000000-1.0-0.00001-100000000-100000000 1732.1-1732.1-1.0-0.000000001
B81: y5 | C81: x1 | D81: v | E81: 2588.2 | F81: y5 | G81: x1 | H81: s | I81: 51.6 | J81: y5 | K81: x1 | L81: exl | M81: -1222.4 | N81: y5 | O81: x1 | P81: exr | Q81: 1107.8 | R81: y5 | S81: x1 | T81: eyl | U81: -68 | V81: y5 | W81: x1 | X81: eyr | Y81: 29.2 | Z81: =E81 -> 2588.2 | AA81: =E81+MAX(M81,Q81,U81,Y81)*1.5 -> 4249.9 | AB81: =E81+MIN(M81,Q81,U81,Y81) -> 1365.8 | AC81: F21 | AD81: =V81&"-"&W81 -> y5-x1 | AE81: =E81-E208 -> 15.3 | AF81: =M81-M208 -> -123.3 | AG81: =ABS(ABS(Q81)-ABS(Q208)) -> 119.9 | AH81: =ABS(ABS(U81)-ABS(U208)) -> 45.7 | AI81: =ABS(ABS(Y81)-ABS(Y208)) -> 23.6 | AJ81: =AX4 -> 0 | AK81: 0 | AL81: =Z81+AK81 -> 2588.2 | AM81: ="RST5 "& B81 &" " & C81 & " 100000000-100000000-1.0-0.00001-100000000-100000000 " &AL81&"-"&AL81&"-1.0-0.000000001" -> RST5 y5 x1 100000000-100000000-1.0-0.00001-100000000-100000000 2588.2-2588.2-1.0-0.000000001
B82: y5 | C82: x2 | D82: v | E82: 4459 | F82: y5 | G82: x2 | H82: s | I82: 97.9 | J82: y5 | K82: x2 | L82: exl | M82: 793 | N82: y5 | O82: x2 | P82: exr | Q82: -714.6 | R82: y5 | S82: x2 | T82: eyl | U82: 44.4 | V82: y5 | W82: x2 | X82: eyr | Y82: 21.8 | Z82: =E82 -> 4459 | AA82: =E82+MAX(M82,Q82,U82,Y82)*1.5 -> 5648.5 | AB82: =E82+MIN(M82,Q82,U82,Y82) -> 3744.4 | AC82: F10 | AD82: =V82&"-"&W82 -> y5-x2 | AE82: =E82-E209 -> -58.9 | AF82: =M82-M209 -> 104 | AG82: =ABS(ABS(Q82)-ABS(Q209)) -> 108.8 | AH82: =ABS(ABS(U82)-ABS(U209)) -> 41.8 | AI82: =ABS(ABS(Y82)-ABS(Y209)) -> 40.9 | AJ82: =AX5 -> 0 | AK82: 0 | AL82: =Z82+AK82 -> 4459 | AM82: ="RST5 "& B82 &" " & C82 & " 100000000-100000000-1.0-0.00001-100000000-100000000 " &AL82&"-"&AL82&"-1.0-0.000000001" -> RST5 y5 x2 100000000-100000000-1.0-0.00001-100000000-100000000 4459-4459-1.0-0.000000001
B83: y5 | C83: x3 | D83: v | E83: 4252 | F83: y5 | G83: x3 | H83: s | I83: 99.6 | J83: y5 | K83: x3 | L83: exl | M83: -748.7 | N83: y5 | O83: x3 | P83: exr | Q83: 745.6 | R83: y5 | S83: x3 | T83: eyl | U83: -392.5 | V83: y5 | W83: x3 | X83: eyr | Y83: -482.5 | Z83: =E83 -> 4252 | AA83: =E83+MAX(M83,Q83,U83,Y83)*1.5 -> 5370.4 | AB83: =E83+MIN(M83,Q83,U83,Y83) -> 3503.3 | AC83: F10 | AD83: =V83&"-"&W83 -> y5-x3 | AE83: =E83-E210 -> -93.7 | AF83: =M83-M210 -> 159.5 | AG83: =ABS(ABS(Q83)-ABS(Q210)) -> 132.1 | AH83: =ABS(ABS(U83)-ABS(U210)) -> 356.2 | AI83: =ABS(ABS(Y83)-ABS(Y210)) -> 463.5 | AJ83: =AX6 -> 0 | AK83: 0 | AL83: =Z83+AK83 -> 4252 | AM83: ="RST5 "& B83 &" " & C83 & " 100000000-100000000-1.0-0.00001-100000000-100000000 " &AL83&"-"&AL83&"-1.0-0.000000001" -> RST5 y5 x3 100000000-100000000-1.0-0.00001-100000000-100000000 4252-4252-1.0-0.000000001
B84: y5 | C84: x4 | D84: v | E84: 4325.5 | F84: y5 | G84: x4 | H84: s | I84: 99.2 | J84: y5 | K84: x4 | L84: exl | M84: 255.5 | N84: y5 | O84: x4 | P84: exr | Q84: -220.1 | R84: y5 | S84: x4 | T84: eyl | U84: -28.9 | V84: y5 | W84: x4 | X84: eyr | Y84: 24.7 | Z84: =E84 -> 4325.5 | AA84: =E84+MAX(M84,Q84,U84,Y84)*1.5 -> 4708.75 | AB84: =E84+MIN(M84,Q84,U84,Y84) -> 4105.4 | AC84: F10 | AD84: =V84&"-"&W84 -> y5-x4 | AE84: =E84-E211 -> -82.5 | AF84: =M84-M211 -> 8.4 | AG84: =ABS(ABS(Q84)-ABS(Q211)) -> 33.9 | AH84: =ABS(ABS(U84)-ABS(U211)) -> 11.5 | AI84: =ABS(ABS(Y84)-ABS(Y211)) -> 5.2 | AJ84: =AX7 -> 0 | AK84: 0 | AL84: =Z84+AK84 -> 4325.5 | AM84: ="RST5 "& B84 &" " & C84 & " 100000000-100000000-1.0-0.00001-100000000-100000000 " &AL84&"-"&AL84&"-1.0-0.000000001" -> RST5 y5 x4 100000000-100000000-1.0-0.00001-100000000-100000000 4325.5-4325.5-1.0-0.000000001
B85: y5 | C85: x5 | D85: v | E85: 4249.9 | F85: y5 | G85: x5 | H85: s | I85: 98.9 | J85: y5 | K85: x5 | L85: exl | M85: 383.5 | N85: y5 | O85: x5 | P85: exr | Q85: -367 | R85: y5 | S85: x5 | T85: eyl | U85: -2.2 | V85: y5 | W85: x5 | X85: eyr | Y85: 22.9 | Z85: =E85 -> 4249.9 | AA85: =E85+MAX(M85,Q85,U85,Y85)*1.5 -> 4825.15 | AB85: =E85+MIN(M85,Q85,U85,Y85) -> 3882.9 | AC85: F10 | AD85: =V85&"-"&W85 -> y5-x5 | AE85: =E85-E212 -> -58.2 | AF85: =M85-M212 -> -170.6 | AG85: =ABS(ABS(Q85)-ABS(Q212)) -> 200.4 | AH85: =ABS(ABS(U85)-ABS(U212)) -> 1 | AI85: =ABS(ABS(Y85)-ABS(Y212)) -> 6.1 | AJ85: =AX8 -> 0 | AK85: 0 | AL85: =Z85+AK85 -> 4249.9 | AM85: ="RST5 "& B85 &" " & C85 & " 100000000-100000000-1.0-0.00001-100000000-100000000 " &AL85&"-"&AL85&"-1.0-0.000000001" -> RST5 y5 x5 100000000-100000000-1.0-0.00001-100000000-100000000 4249.9-4249.9-1.0-0.000000001
B86: y5 | C86: x6 | D86: v | E86: 4266.8 | F86: y5 | G86: x6 | H86: s | I86: 98.9 | J86: y5 | K86: x6 | L86: exl | M86: -401.4 | N86: y5 | O86: x6 | P86: exr | Q86: 307.1 | R86: y5 | S86: x6 | T86: eyl | U86: -465.9 | V86: y5 | W86: x6 | X86: eyr | Y86: -481.2 | Z86: =E86 -> 4266.8 | AA86: =E86+MAX(M86,Q86,U86,Y86)*1.5 -> 4727.45 | AB86: =E86+MIN(M86,Q86,U86,Y86) -> 3785.6 | AC86: F10 | AD86: =V86&"-"&W86 -> y5-x6 | AE86: =E86-E213 -> -73.6 | AF86: =M86-M213 -> 175.9 | AG86: =ABS(ABS(Q86)-ABS(Q213)) -> 168.9 | AH86: =ABS(ABS(U86)-ABS(U213)) -> 65.1 | AI86: =ABS(ABS(Y86)-ABS(Y213)) -> 72.7 | AJ86: =AX9 -> 0 | AK86: 0 | AL86: =Z86+AK86 -> 4266.8 | AM86: ="RST5 "& B86 &" " & C86 & " 100000000-100000000-1.0-0.00001-100000000-100000000 " &AL86&"-"&AL86&"-1.0-0.000000001" -> RST5 y5 x6 100000000-100000000-1.0-0.00001-100000000-100000000 4266.8-4266.8-1.0-0.000000001
B87: y5 | C87: x7 | D87: v | E87: 4422.4 | F87: y5 | G87: x7 | H87: s | I87: 99.2 | J87: y5 | K87: x7 | L87: exl | M87: 51.4 | N87: y5 | O87: x7 | P87: exr | Q87: 4.4 | R87: y5 | S87: x7 | T87: eyl | U87: 28.1 | V87: y5 | W87: x7 | X87: eyr | Y87: 36.4 | Z87: =E87 -> 4422.4 | AA87: =E87+MAX(M87,Q87,U87,Y87)*1.5 -> 4499.5 | AB87: =E87+MIN(M87,Q87,U87,Y87) -> 4426.8 | AC87: F10 | AD87: =V87&"-"&W87 -> y5-x7 | AE87: =E87-E214 -> -80.9 | AF87: =M87-M214 -> -4.2 | AG87: =ABS(ABS(Q87)-ABS(Q214)) -> 2.4 | AH87: =ABS(ABS(U87)-ABS(U214)) -> 15.3 | AI87: =ABS(ABS(Y87)-ABS(Y214)) -> 5.5 | AJ87: =AX10 -> 0 | AK87: 0 | AL87: =Z87+AK87 -> 4422.4 | AM87: ="RST5 "& B87 &" " & C87 & " 100000000-100000000-1.0-0.00001-100000000-100000000 " &AL87&"-"&AL87&"-1.0-0.000000001" -> RST5 y5 x7 100000000-100000000-1.0-0.00001-100000000-100000000 4422.4-4422.4-1.0-0.000000001
B88: y5 | C88: x8 | D88: v | E88: 4004.3 | F88: y5 | G88: x8 | H88: s | I88: 98.9 | J88: y5 | K88: x8 | L88: exl | M88: 702.5 | N88: y5 | O88: x8 | P88: exr | Q88: -720.6 | R88: y5 | S88: x8 | T88: eyl | U88: -1.8 | V88: y5 | W88: x8 | X88: eyr | Y88: 21.7 | Z88: =E88 -> 4004.3 | AA88: =E88+MAX(M88,Q88,U88,Y88)*1.5 -> 5058.05 | AB88: =E88+MIN(M88,Q88,U88,Y88) -> 3283.7 | AC88: F10 | AD88: =V88&"-"&W88 -> y5-x8 | AE88: =E88-E215 -> 190.5 | AF88: =M88-M215 -> -169.3 | AG88: =ABS(ABS(Q88)-ABS(Q215)) -> 172.4 | AH88: =ABS(ABS(U88)-ABS(U215)) -> 1.1 | AI88: =ABS(ABS(Y88)-ABS(Y215)) -> 6.4 | AJ88: =AX11 -> 0 | AK88: 0 | AL88: =Z88+AK88 -> 4004.3 | AM88: ="RST5 "& B88 &" " & C88 & " 100000000-100000000-1.0-0.00001-100000000-100000000 " &AL88&"-"&AL88&"-1.0-0.000000001" -> RST5 y5 x8 100000000-100000000-1.0-0.00001-100000000-100000000 4004.3-4004.3-1.0-0.000000001
B89: y5 | C89: x9 | D89: v | E89: 5149.1 | F89: y5 | G89: x9 | H89: s | I89: 50.8 | J89: y5 | K89: x9 | L89: exl | M89: 5.5 | N89: y5 | O89: x9 | P89: exr | Q89: -42.4 | R89: y5 | S89: x9 | T89: eyl | U89: -0.3 | V89: y5 | W89: x9 | X89: eyr | Y89: 0.8 | Z89: =E89 -> 5149.1 | AA89: =E89+MAX(M89,Q89,U89,Y89)*1.5 -> 5157.35 | AB89: =E89+MIN(M89,Q89,U89,Y89) -> 5106.7 | AC89: F10 | AD89: =V89&"-"&W89 -> y5-x9 | AE89: =E89-E216 -> 366.9 | AF89: =M89-M216 -> -2.5 | AG89: =ABS(ABS(Q89)-ABS(Q216)) -> 8.9 | AH89: =ABS(ABS(U89)-ABS(U216)) -> 0.7 | AI89: =ABS(ABS(Y89)-ABS(Y216)) -> 0.4 | AJ89: =AX12 -> 0 | AK89: 0 | AL89: =Z89+AK89 -> 5149.1 | AM89: ="RST5 "& B89 &" " & C89 & " 100000000-100000000-1.0-0.00001-100000000-100000000 " &AL89&"-"&AL89&"-1.0-0.000000001" -> RST5 y5 x9 100000000-100000000-1.0-0.00001-100000000-100000000 5149.1-5149.1-1.0-0.000000001
B90: y5 | C90: x10 | D90: v | E90: 3018.6 | F90: y5 | G90: x10 | H90: s | I90: 0 | J90: y5 | K90: x10 | L90: exl | M90: 156.3 | N90: y5 | O90: x10 | P90: exr | Q90: -148.5 | R90: y5 | S90: x10 | T90: eyl | U90: 9.5 | V90: y5 | W90: x10 | X90: eyr | Y90: -7.9 | Z90: =E90 -> 3018.6 | AA90: =E90+MAX(M90,Q90,U90,Y90)*1.5 -> 3253.05 | AB90: =E90+MIN(M90,Q90,U90,Y90) -> 2870.1 | AC90: F21 | AD90: =V90&"-"&W90 -> y5-x10 | AE90: =E90-E217 -> 308.2 | AF90: =M90-M217 -> 9.7 | AG90: =ABS(ABS(Q90)-ABS(Q217)) -> 10.6 | AH90: =ABS(ABS(U90)-ABS(U217)) -> 4.6 | AI90: =ABS(ABS(Y90)-ABS(Y217)) -> 4.9 | AJ90: =AX13 -> 0 | AK90: 0 | AL90: =Z90+AK90 -> 3018.6 | AM90: ="RST5 "& B90 &" " & C90 & " 100000000-100000000-1.0-0.00001-100000000-100000000 " &AL90&"-"&AL90&"-1.0-0.000000001" -> RST5 y5 x10 100000000-100000000-1.0-0.00001-100000000-100000000 3018.6-3018.6-1.0-0.000000001
B91: y5 | C91: x21 | D91: v | E91: 1736.7 | F91: y5 | G91: x21 | H91: s | I91: -0.1 | J91: y5 | K91: x21 | L91: exl | M91: -50.2 | N91: y5 | O91: x21 | P91: exr | Q91: 50.5 | R91: y5 | S91: x21 | T91: eyl | U91: -48.2 | V91: y5 | W91: x21 | X91: eyr | Y91: 47.7 | Z91: =E91 -> 1736.7 | AA91: =E91+MAX(M91,Q91,U91,Y91)*1.5 -> 1812.45 | AB91: =E91+MIN(M91,Q91,U91,Y91) -> 1686.5 | AC91: F30 | AD91: =V91&"-"&W91 -> y5-x21 | AE91: =E91-E218 -> 4.6 | AF91: =M91-M218 -> -11.7 | AG91: =ABS(ABS(Q91)-ABS(Q218)) -> 11.8 | AH91: =ABS(ABS(U91)-ABS(U218)) -> 10.8 | AI91: =ABS(ABS(Y91)-ABS(Y218)) -> 13.7 | AJ91: =AX14 -> 0 | AK91: 0 | AL91: =Z91+AK91 -> 1736.7 | AM91: ="RST5 "& B91 &" " & C91 & " 100000000-100000000-1.0-0.00001-100000000-100000000 " &AL91&"-"&AL91&"-1.0-0.000000001" -> RST5 y5 x21 100000000-100000000-1.0-0.00001-100000000-100000000 1736.7-1736.7-1.0-0.000000001
B92: y5 | C92: x22 | D92: v | E92: 1735.5 | F92: y5 | G92: x22 | H92: s | I92: -0.1 | J92: y5 | K92: x22 | L92: exl | M92: 39.2 | N92: y5 | O92: x22 | P92: exr | Q92: -47.7 | R92: y5 | S92: x22 | T92: eyl | U92: -84.2 | V92: y5 | W92: x22 | X92: eyr | Y92: 42 | Z92: =E92 -> 1735.5 | AA92: =E92+MAX(M92,Q92,U92,Y92)*1.5 -> 1798.5 | AB92: =E92+MIN(M92,Q92,U92,Y92) -> 1651.3 | AC92: F20 | AD92: =V92&"-"&W92 -> y5-x22 | AE92: =E92-E219 -> 4.2 | AF92: =M92-M219 -> 3 | AG92: =ABS(ABS(Q92)-ABS(Q219)) -> 6.2 | AH92: =ABS(ABS(U92)-ABS(U219)) -> 25.3 | AI92: =ABS(ABS(Y92)-ABS(Y219)) -> 19.6 | AJ92: =AX15 -> 0 | AK92: 0 | AL92: =Z92+AK92 -> 1735.5 | AM92: ="RST5 "& B92 &" " & C92 & " 100000000-100000000-1.0-0.00001-100000000-100000000 " &AL92&"-"&AL92&"-1.0-0.000000001" -> RST5 y5 x22 100000000-100000000-1.0-0.00001-100000000-100000000 1735.5-1735.5-1.0-0.000000001
B93: y6 | C93: x1 | D93: v | E93: 2541.9 | F93: y6 | G93: x1 | H93: s | I93: 51.6 | J93: y6 | K93: x1 | L93: exl | M93: -233.4 | N93: y6 | O93: x1 | P93: exr | Q93: 231.7 | R93: y6 | S93: x1 | T93: eyl | U93: 47.4 | V93: y6 | W93: x1 | X93: eyr | Y93: -24.9 | Z93: =E93 -> 2541.9 | AA93: =E93+MAX(M93,Q93,U93,Y93)*1.5 -> 2889.45 | AB93: =E93+MIN(M93,Q93,U93,Y93) -> 2308.5 | AC93: F21 | AD93: =V93&"-"&W93 -> y6-x1 | AE93: =E93-E220 -> 35.5 | AF93: =M93-M220 -> -11.1 | AG93: =ABS(ABS(Q93)-ABS(Q220)) -> 0.2 | AH93: =ABS(ABS(U93)-ABS(U220)) -> 1.7 | AI93: =ABS(ABS(Y93)-ABS(Y220)) -> 3.3 | AJ93: =AW4 -> 0 | AK93: 0 | AL93: =Z93+AK93 -> 2541.9 | AM93: ="RST5 "& B93 &" " & C93 & " 100000000-100000000-1.0-0.00001-100000000-100000000 " &AL93&"-"&AL93&"-1.0-0.000000001" -> RST5 y6 x1 100000000-100000000-1.0-0.00001-100000000-100000000 2541.9-2541.9-1.0-0.000000001
B94: y6 | C94: x2 | D94: v | E94: 4360.6 | F94: y6 | G94: x2 | H94: s | I94: 97.9 | J94: y6 | K94: x2 | L94: exl | M94: 88.7 | N94: y6 | O94: x2 | P94: exr | Q94: -102.7 | R94: y6 | S94: x2 | T94: eyl | U94: 7.9 | V94: y6 | W94: x2 | X94: eyr | Y94: -7.8 | Z94: =E94 -> 4360.6 | AA94: =E94+MAX(M94,Q94,U94,Y94)*1.5 -> 4493.65 | AB94: =E94+MIN(M94,Q94,U94,Y94) -> 4257.9 | AC94: F10 | AD94: =V94&"-"&W94 -> y6-x2 | AE94: =E94-E221 -> -11.7 | AF94: =M94-M221 -> 2.9 | AG94: =ABS(ABS(Q94)-ABS(Q221)) -> 3.9 | AH94: =ABS(ABS(U94)-ABS(U221)) -> 3.6 | AI94: =ABS(ABS(Y94)-ABS(Y221)) -> 3.7 | AJ94: =AW5 -> 0 | AK94: 0 | AL94: =Z94+AK94 -> 4360.6 | AM94: ="RST5 "& B94 &" " & C94 & " 100000000-100000000-1.0-0.00001-100000000-100000000 " &AL94&"-"&AL94&"-1.0-0.000000001" -> RST5 y6 x2 100000000-100000000-1.0-0.00001-100000000-100000000 4360.6-4360.6-1.0-0.000000001
B95: y6 | C95: x3 | D95: v | E95: 4144.6 | F95: y6 | G95: x3 | H95: s | I95: 99.6 | J95: y6 | K95: x3 | L95: exl | M95: -13.3 | N95: y6 | O95: x3 | P95: exr | Q95: 26.7 | R95: y6 | S95: x3 | T95: eyl | U95: 465.9 | V95: y6 | W95: x3 | X95: eyr | Y95: -3.6 | Z95: =E95 -> 4144.6 | AA95: =E95+MAX(M95,Q95,U95,Y95)*1.5 -> 4843.45 | AB95: =E95+MIN(M95,Q95,U95,Y95) -> 4131.3 | AC95: F10 | AD95: =V95&"-"&W95 -> y6-x3 | AE95: =E95-E222 -> -25.5 | AF95: =M95-M222 -> 0.3 | AG95: =ABS(ABS(Q95)-ABS(Q222)) -> 19.7 | AH95: =ABS(ABS(U95)-ABS(U222)) -> 2.9 | AI95: =ABS(ABS(Y95)-ABS(Y222)) -> 413.2 | AJ95: =AW6 -> 長期柱軸力 | AK95: 0 | AL95: =Z95+AK95 -> 4144.6 | AM95: ="RST5 "& B95 &" " & C95 & " 100000000-100000000-1.0-0.00001-100000000-100000000 " &AL95&"-"&AL95&"-1.0-0.000000001" -> RST5 y6 x3 100000000-100000000-1.0-0.00001-100000000-100000000 4144.6-4144.6-1.0-0.000000001
B96: y6 | C96: x4 | D96: v | E96: 4224.5 | F96: y6 | G96: x4 | H96: s | I96: 99.2 | J96: y6 | K96: x4 | L96: exl | M96: 7.5 | N96: y6 | O96: x4 | P96: exr | Q96: -0.6 | R96: y6 | S96: x4 | T96: eyl | U96: 876.7 | V96: y6 | W96: x4 | X96: eyr | Y96: -884.4 | Z96: =E96 -> 4224.5 | AA96: =E96+MAX(M96,Q96,U96,Y96)*1.5 -> 5539.55 | AB96: =E96+MIN(M96,Q96,U96,Y96) -> 3340.1 | AC96: F10 | AD96: =V96&"-"&W96 -> y6-x4 | AE96: =E96-E223 -> -36.7 | AF96: =M96-M223 -> 0.1 | AG96: =ABS(ABS(Q96)-ABS(Q223)) -> 8.8 | AH96: =ABS(ABS(U96)-ABS(U223)) -> 14.3 | AI96: =ABS(ABS(Y96)-ABS(Y223)) -> 11.1 | AJ96: =AW7 -> 1108.5 | AK96: 0 | AL96: =Z96+AK96 -> 4224.5 | AM96: ="RST5 "& B96 &" " & C96 & " 100000000-100000000-1.0-0.00001-100000000-100000000 " &AL96&"-"&AL96&"-1.0-0.000000001" -> RST5 y6 x4 100000000-100000000-1.0-0.00001-100000000-100000000 4224.5-4224.5-1.0-0.000000001
B97: y6 | C97: x5 | D97: v | E97: 4165.8 | F97: y6 | G97: x5 | H97: s | I97: 99.3 | J97: y6 | K97: x5 | L97: exl | M97: 4.7 | N97: y6 | O97: x5 | P97: exr | Q97: -0.7 | R97: y6 | S97: x5 | T97: eyl | U97: -33.5 | V97: y6 | W97: x5 | X97: eyr | Y97: 33.9 | Z97: =E97 -> 4165.8 | AA97: =E97+MAX(M97,Q97,U97,Y97)*1.5 -> 4216.65 | AB97: =E97+MIN(M97,Q97,U97,Y97) -> 4132.3 | AC97: F10 | AD97: =V97&"-"&W97 -> y6-x5 | AE97: =E97-E224 -> -14.3 | AF97: =M97-M224 -> -0.6 | AG97: =ABS(ABS(Q97)-ABS(Q224)) -> 1.9 | AH97: =ABS(ABS(U97)-ABS(U224)) -> 0.5 | AI97: =ABS(ABS(Y97)-ABS(Y224)) -> 0.1 | AJ97: =AW8 -> 1876.8 | AK97: 0 | AL97: =Z97+AK97 -> 4165.8 | AM97: ="RST5 "& B97 &" " & C97 & " 100000000-100000000-1.0-0.00001-100000000-100000000 " &AL97&"-"&AL97&"-1.0-0.000000001" -> RST5 y6 x5 100000000-100000000-1.0-0.00001-100000000-100000000 4165.8-4165.8-1.0-0.000000001
B98: y6 | C98: x6 | D98: v | E98: 4204.7 | F98: y6 | G98: x6 | H98: s | I98: 99.3 | J98: y6 | K98: x6 | L98: exl | M98: -1 | N98: y6 | O98: x6 | P98: exr | Q98: 5.4 | R98: y6 | S98: x6 | T98: eyl | U98: 458.2 | V98: y6 | W98: x6 | X98: eyr | Y98: 30 | Z98: =E98 -> 4204.7 | AA98: =E98+MAX(M98,Q98,U98,Y98)*1.5 -> 4892 | AB98: =E98+MIN(M98,Q98,U98,Y98) -> 4203.7 | AC98: F10 | AD98: =V98&"-"&W98 -> y6-x6 | AE98: =E98-E225 -> -33.6 | AF98: =M98-M225 -> 1.2 | AG98: =ABS(ABS(Q98)-ABS(Q225)) -> 2.4 | AH98: =ABS(ABS(U98)-ABS(U225)) -> 80.6 | AI98: =ABS(ABS(Y98)-ABS(Y225)) -> 1 | AJ98: =AW9 -> 1357.5 | AK98: 0 | AL98: =Z98+AK98 -> 4204.7 | AM98: ="RST5 "& B98 &" " & C98 & " 100000000-100000000-1.0-0.00001-100000000-100000000 " &AL98&"-"&AL98&"-1.0-0.000000001" -> RST5 y6 x6 100000000-100000000-1.0-0.00001-100000000-100000000 4204.7-4204.7-1.0-0.000000001
B99: y6 | C99: x7 | D99: v | E99: 4328.9 | F99: y6 | G99: x7 | H99: s | I99: 99.1 | J99: y6 | K99: x7 | L99: exl | M99: 14.1 | N99: y6 | O99: x7 | P99: exr | Q99: -9.5 | R99: y6 | S99: x7 | T99: eyl | U99: 1182.7 | V99: y6 | W99: x7 | X99: eyr | Y99: -1177.3 | Z99: =E99 -> 4328.9 | AA99: =E99+MAX(M99,Q99,U99,Y99)*1.5 -> 6102.95 | AB99: =E99+MIN(M99,Q99,U99,Y99) -> 3151.6 | AC99: F10 | AD99: =V99&"-"&W99 -> y6-x7 | AE99: =E99-E226 -> -34.7 | AF99: =M99-M226 -> -1.1 | AG99: =ABS(ABS(Q99)-ABS(Q226)) -> 2.1 | AH99: =ABS(ABS(U99)-ABS(U226)) -> 6.6 | AI99: =ABS(ABS(Y99)-ABS(Y226)) -> 7.7 | AJ99: =AW10 -> 898.5 | AK99: 0 | AL99: =Z99+AK99 -> 4328.9 | AM99: ="RST5 "& B99 &" " & C99 & " 100000000-100000000-1.0-0.00001-100000000-100000000 " &AL99&"-"&AL99&"-1.0-0.000000001" -> RST5 y6 x7 100000000-100000000-1.0-0.00001-100000000-100000000 4328.9-4328.9-1.0-0.000000001
B100: y6 | C100: x8 | D100: v | E100: 3931.2 | F100: y6 | G100: x8 | H100: s | I100: 99.3 | J100: y6 | K100: x8 | L100: exl | M100: -32.2 | N100: y6 | O100: x8 | P100: exr | Q100: 38.4 | R100: y6 | S100: x8 | T100: eyl | U100: -28.7 | V100: y6 | W100: x8 | X100: eyr | Y100: 28.6 | Z100: =E100 -> 3931.2 | AA100: =E100+MAX(M100,Q100,U100,Y100)*1.5 -> 3988.8 | AB100: =E100+MIN(M100,Q100,U100,Y100) -> 3899 | AC100: F10 | AD100: =V100&"-"&W100 -> y6-x8 | AE100: =E100-E227 -> 228.9 | AF100: =M100-M227 -> -3.8 | AG100: =ABS(ABS(Q100)-ABS(Q227)) -> 2.4 | AH100: =ABS(ABS(U100)-ABS(U227)) -> 4.2 | AI100: =ABS(ABS(Y100)-ABS(Y227)) -> 3.9 | AJ100: =AW11 -> 893.1 | AK100: 0 | AL100: =Z100+AK100 -> 3931.2 | AM100: ="RST5 "& B100 &" " & C100 & " 100000000-100000000-1.0-0.00001-100000000-100000000 " &AL100&"-"&AL100&"-1.0-0.000000001" -> RST5 y6 x8 100000000-100000000-1.0-0.00001-100000000-100000000 3931.2-3931.2-1.0-0.000000001
B101: y6 | C101: x9 | D101: v | E101: 5080.2 | F101: y6 | G101: x9 | H101: s | I101: 50.8 | J101: y6 | K101: x9 | L101: exl | M101: 15.7 | N101: y6 | O101: x9 | P101: exr | Q101: -19.7 | R101: y6 | S101: x9 | T101: eyl | U101: -3.3 | V101: y6 | W101: x9 | X101: eyr | Y101: 3.5 | Z101: =E101 -> 5080.2 | AA101: =E101+MAX(M101,Q101,U101,Y101)*1.5 -> 5103.75 | AB101: =E101+MIN(M101,Q101,U101,Y101) -> 5060.5 | AC101: F10 | AD101: =V101&"-"&W101 -> y6-x9 | AE101: =E101-E228 -> 409.3 | AF101: =M101-M228 -> -1.8 | AG101: =ABS(ABS(Q101)-ABS(Q228)) -> 2.8 | AH101: =ABS(ABS(U101)-ABS(U228)) -> 1.7 | AI101: =ABS(ABS(Y101)-ABS(Y228)) -> 1.2 | AJ101: =AW12 -> 781.8 | AK101: 0 | AL101: =Z101+AK101 -> 5080.2 | AM101: ="RST5 "& B101 &" " & C101 & " 100000000-100000000-1.0-0.00001-100000000-100000000 " &AL101&"-"&AL101&"-1.0-0.000000001" -> RST5 y6 x9 100000000-100000000-1.0-0.00001-100000000-100000000 5080.2-5080.2-1.0-0.000000001
B102: y6 | C102: x10 | D102: v | E102: 2879.2 | F102: y6 | G102: x10 | H102: s | I102: 0 | J102: y6 | K102: x10 | L102: exl | M102: 148.8 | N102: y6 | O102: x10 | P102: exr | Q102: -145 | R102: y6 | S102: x10 | T102: eyl | U102: -26.7 | V102: y6 | W102: x10 | X102: eyr | Y102: 23.8 | Z102: =E102 -> 2879.2 | AA102: =E102+MAX(M102,Q102,U102,Y102)*1.5 -> 3102.4 | AB102: =E102+MIN(M102,Q102,U102,Y102) -> 2734.2 | AC102: F21 | AD102: =V102&"-"&W102 -> y6-x10 | AE102: =E102-E229 -> 307.7 | AF102: =M102-M229 -> 9.1 | AG102: =ABS(ABS(Q102)-ABS(Q229)) -> 9.6 | AH102: =ABS(ABS(U102)-ABS(U229)) -> 0.4 | AI102: =ABS(ABS(Y102)-ABS(Y229)) -> 0.8 | AJ102: =AW13 -> 400 | AK102: 0 | AL102: =Z102+AK102 -> 2879.2 | AM102: ="RST5 "& B102 &" " & C102 & " 100000000-100000000-1.0-0.00001-100000000-100000000 " &AL102&"-"&AL102&"-1.0-0.000000001" -> RST5 y6 x10 100000000-100000000-1.0-0.00001-100000000-100000000 2879.2-2879.2-1.0-0.000000001
B103: y6 | C103: x21 | D103: v | E103: 1613.5 | F103: y6 | G103: x21 | H103: s | I103: -0.1 | J103: y6 | K103: x21 | L103: exl | M103: -333.6 | N103: y6 | O103: x21 | P103: exr | Q103: 327.2 | R103: y6 | S103: x21 | T103: eyl | U103: -62.8 | V103: y6 | W103: x21 | X103: eyr | Y103: 67.8 | Z103: =E103 -> 1613.5 | AA103: =E103+MAX(M103,Q103,U103,Y103)*1.5 -> 2104.3 | AB103: =E103+MIN(M103,Q103,U103,Y103) -> 1279.9 | AC103: F20 | AD103: =V103&"-"&W103 -> y6-x21 | AE103: =E103-E230 -> 1.6 | AF103: =M103-M230 -> -33.4 | AG103: =ABS(ABS(Q103)-ABS(Q230)) -> 31.9 | AH103: =ABS(ABS(U103)-ABS(U230)) -> 5.9 | AI103: =ABS(ABS(Y103)-ABS(Y230)) -> 6.2 | AJ103: =AW14 -> 407.1 | AK103: 0 | AL103: =Z103+AK103 -> 1613.5 | AM103: ="RST5 "& B103 &" " & C103 & " 100000000-100000000-1.0-0.00001-100000000-100000000 " &AL103&"-"&AL103&"-1.0-0.000000001" -> RST5 y6 x21 100000000-100000000-1.0-0.00001-100000000-100000000 1613.5-1613.5-1.0-0.000000001
B104: y6 | C104: x22 | D104: v | E104: 1627.3 | F104: y6 | G104: x22 | H104: s | I104: -0.1 | J104: y6 | K104: x22 | L104: exl | M104: 296.8 | N104: y6 | O104: x22 | P104: exr | Q104: -289.5 | R104: y6 | S104: x22 | T104: eyl | U104: -121.1 | V104: y6 | W104: x22 | X104: eyr | Y104: 138.4 | Z104: =E104 -> 1627.3 | AA104: =E104+MAX(M104,Q104,U104,Y104)*1.5 -> 2072.5 | AB104: =E104+MIN(M104,Q104,U104,Y104) -> 1337.8 | AC104: F10 | AD104: =V104&"-"&W104 -> y6-x22 | AE104: =E104-E231 -> -8.8 | AF104: =M104-M231 -> 22.3 | AG104: =ABS(ABS(Q104)-ABS(Q231)) -> 20.2 | AH104: =ABS(ABS(U104)-ABS(U231)) -> 13.5 | AI104: =ABS(ABS(Y104)-ABS(Y231)) -> 13.5 | AJ104: =AW15 -> 691.4 | AK104: 0 | AL104: =Z104+AK104 -> 1627.3 | AM104: ="RST5 "& B104 &" " & C104 & " 100000000-100000000-1.0-0.00001-100000000-100000000 " &AL104&"-"&AL104&"-1.0-0.000000001" -> RST5 y6 x22 100000000-100000000-1.0-0.00001-100000000-100000000 1627.3-1627.3-1.0-0.000000001
B105: y7 | C105: x1 | D105: v | E105: 2538.8 | F105: y7 | G105: x1 | H105: s | I105: 51.7 | J105: y7 | K105: x1 | L105: exl | M105: -222.8 | N105: y7 | O105: x1 | P105: exr | Q105: 231.9 | R105: y7 | S105: x1 | T105: eyl | U105: 921.6 | V105: y7 | W105: x1 | X105: eyr | Y105: -933.3 | Z105: =E105 -> 2538.8 | AA105: =E105+MAX(M105,Q105,U105,Y105)*1.5 -> 3921.2 | AB105: =E105+MIN(M105,Q105,U105,Y105) -> 1605.5 | AC105: F21 | AD105: =V105&"-"&W105 -> y7-x1 | AE105: =E105-E232 -> 35.2 | AF105: =M105-M232 -> -27.8 | AG105: =ABS(ABS(Q105)-ABS(Q232)) -> 33 | AH105: =ABS(ABS(U105)-ABS(U232)) -> 15.9 | AI105: =ABS(ABS(Y105)-ABS(Y232)) -> 13.4 | AJ105: =AV4 -> 0 | AK105: 0 | AL105: =Z105+AK105 -> 2538.8 | AM105: ="RST5 "& B105 &" " & C105 & " 100000000-100000000-1.0-0.00001-100000000-100000000 " &AL105&"-"&AL105&"-1.0-0.000000001" -> RST5 y7 x1 100000000-100000000-1.0-0.00001-100000000-100000000 2538.8-2538.8-1.0-0.000000001
...

Sheet 柱脚応力
B1: Y方向 | C1: X方向 | D1: 柱符号 | E1: XL柱脚M(kNm) | F1: XL柱脚Q(kN) | G1: XL軸力(kN) | H1: XR柱脚M(kNm) | I1: XR柱脚Q(kN) | J1: XR軸力(kN) | K1: YL柱脚M(kNm) | L1: YL柱脚Q(kN) | M1: YL軸力(kN) | N1: YR柱脚M(kNm) | O1: YR柱脚Q(kN) | P1: YR軸力(kN) | Q1: 長期柱軸力
A2: =B2&"-"&C2 -> y1-x21 | B2: y1 | C2: x21 | D2: c10x | E2: 115.3 | F2: 949.6 | G2: -503.4 | H2: -135.8 | I2: -48.4 | J2: 509.4 | K2: 26.1 | L2: 870.6 | M2: -463.1 | N2: -33.5 | O2: -5 | P2: 421.3 | Q2: 1108.5
A3: =B3&"-"&C3 -> y2-x21 | B3: y2 | C3: x21 | D3: c10x | E3: 135.9 | F3: 49.6 | G3: 1.5 | H3: -134.4 | I3: -49.1 | J3: 15.8 | K3: 35.5 | L3: 5.4 | M3: 537.7 | N3: -27 | O3: -829 | P3: -522.7 | Q3: 1876.8
A4: =B4&"-"&C4 -> y3-x21 | B4: y3 | C4: x21 | D4: c10x | E4: 135.5 | F4: 49.6 | G4: -32.6 | H4: -132.7 | I4: -48.5 | J4: 28.7 | K4: 56.7 | L4: 18.1 | M4: -20.1 | N4: -59.5 | O4: -18.8 | P4: 23.6 | Q4: 1357.5
A5: =B5&"-"&C5 -> y4-x21 | B5: y4 | C5: x21 | D5: c11y | E5: 13.8 | F5: 2.3 | G5: -22.2 | H5: -13.5 | I5: -2.2 | J5: 20.9 | K5: 55.3 | L5: 19.6 | M5: -10.8 | N5: -54 | O5: -19.2 | P5: 11.1 | Q5: 898.5
A6: =B6&"-"&C6 -> y5-x21 | B6: y5 | C6: x21 | D6: c11y | E6: 14.8 | F6: 2.9 | G6: -9.2 | H6: -14.6 | I6: -2.8 | J6: 9.5 | K6: 69.9 | L6: 29.9 | M6: -25.9 | N6: -69.4 | O6: -29.7 | P6: 26.3 | Q6: 893.1
A7: =B7&"-"&C7 -> y6-x21 | B7: y6 | C7: x21 | D7: c11y | E7: 5.5 | F7: 523.6 | G7: -172.3 | H7: -22.3 | I7: -5.8 | J7: 168.3 | K7: 105.1 | L7: 61 | M7: -26.3 | N7: -104.1 | O7: -60.5 | P7: 29 | Q7: 781.8
A8: =B8&"-"&C8 -> y7-x21 | B8: y7 | C8: x21 | D8: c11y | E8: 15.6 | F8: 31.7 | G8: -6.7 | H8: -16.3 | I8: -6.1 | J8: 6.6 | K8: 119 | L8: 44.5 | M8: -4.2 | N8: -114.8 | O8: -43 | P8: 4.5 | Q8: 400
A9: =B9&"-"&C9 -> y1-x22 | B9: y1 | C9: x22 | D9: c11x | E9: 122.2 | F9: 41.6 | G9: 522.1 | H9: -102.9 | I9: -988.4 | J9: -546 | K9: 30.2 | L9: 4.5 | M9: -92.2 | N9: -29.6 | O9: -4.5 | P9: 109.6 | Q9: 407.1
A10: =B10&"-"&C10 -> y2-x22 | B10: y2 | C10: x22 | D10: c11x | E10: 131.4 | F10: 46.7 | G10: 24.4 | H10: -128.8 | I10: -45.7 | J10: -23.9 | K10: 30.2 | L10: 4.6 | M10: 0.4 | N10: -29 | O10: -4.4 | P10: 3.2 | Q10: 691.4
A11: =B11&"-"&C11 -> y3-x22 | B11: y3 | C11: x22 | D11: c11x | E11: 123 | F11: 44.2 | G11: 47.1 | H11: -120.3 | I11: -43.2 | J11: -45 | K11: 53.2 | L11: 16.9 | M11: -13.6 | N11: -51.4 | O11: -16.4 | P11: 13.7 | Q11: 702.4
A12: =B12&"-"&C12 -> y4-x22 | B12: y4 | C12: x22 | D12: c11y | E12: 13.9 | F12: 2.3 | G12: 16.3 | H12: -13.6 | I12: -2.2 | J12: -16.1 | K12: 51.4 | L12: 18.3 | M12: -10 | N12: -50.8 | O12: -18 | P12: 9.3 | Q12: 895.1
A13: =B13&"-"&C13 -> y5-x22 | B13: y5 | C13: x22 | D13: c11y | E13: 15 | F13: 2.9 | G13: 5.9 | H13: -14.6 | I13: -2.8 | J13: -4.5 | K13: 68.3 | L13: 28.7 | M13: -31.8 | N13: -62 | O13: -26.7 | P13: 34.9 | Q13: 895.1
... A115: =B115&"-"&C115 -> y10-x10 | B115: y10 | C115: x10 | D115: c4y | E115: 37.9 | F115: 5.9 | G115: 0.8 | H115: -3.8 | I115: -5.2 | J115: -0.6 | K115: 79.6 | L115: 0.5 | M115: 778.1 | N115: -48.4 | O115: 5.1 | P115: -761 | Q115: 501.9
Q116: =SUM(Q2:Q115) -> 166094.7

Sheet フーチングの検討 (2025年1月24日以降)
C2: =支点応力まとめ!A6 -> フーチング | D2: =支点応力まとめ!B6 -> 整理名称 | E2: =支点応力まとめ!C6 -> 軸 | F2: =支点応力まとめ!D6 -> 通 | G2: =支点応力まとめ!E6 -> 長期 | H2: =支点応力まとめ!F6 -> 軸 | I2: =支点応力まとめ!G6 -> 通 | J2: =支点応力まとめ!H6 -> 短期 max | ... M2: =支点応力まとめ!K6 -> 短期 min
C3: =支点応力まとめ!A7 -> 0 | D3: =支点応力まとめ!B7 -> 0 | E3: =支点応力まとめ!C7 -> 0 | F3: =支点応力まとめ!D7 -> 0 | G3: =支点応力まとめ!E7 -> 0 | H3: =支点応力まとめ!F7 -> 0 | I3: =支点応力まとめ!G7 -> 0 | J3: =支点応力まとめ!H7 -> 0 | ... M3: =支点応力まとめ!K7 -> 0
C4: =支点応力まとめ!A8 -> F10,F10A,F10B,F10C | D4: =支点応力まとめ!B8 -> F10 | E4: =支点応力まとめ!C8 -> y8 | F4: =支点応力まとめ!D8 -> x9 | G4: =支点応力まとめ!E8 -> 5244.2 | H4: =支点応力まとめ!F8 -> y2 | I4: =支点応力まとめ!G8 -> x7 | J4: =支点応力まとめ!H8 -> 6396.35 | ... M4: =支点応力まとめ!K8 -> 703.9
C5: =支点応力まとめ!A9 -> F11 | D5: =支点応力まとめ!B9 -> F11 | E5: =支点応力まとめ!C9 -> y9 | F5: =支点応力まとめ!D9 -> x9 | G5: =支点応力まとめ!E9 -> 4240.1 | H5: =支点応力まとめ!F9 -> y9 | I5: =支点応力まとめ!G9 -> x9 | J5: =支点応力まとめ!H9 -> 5163.35 | ... M5: =支点応力まとめ!K9 -> 3591
C6: =支点応力まとめ!A10 -> F20A,F20C,F20D | D6: =支点応力まとめ!B10 -> F20 | E6: =支点応力まとめ!C10 -> y7 | F6: =支点応力まとめ!D10 -> x10 | G6: =支点応力まとめ!E10 -> 3364.8 | H6: =支点応力まとめ!F10 -> y1 | I6: =支点応力まとめ!G10 -> x4 | J6: =支点応力まとめ!H10 -> 4662.95 | ... M6: =支点応力まとめ!K10 -> 1279.9
C7: =支点応力まとめ!A11 -> F21,F21B,F21C | D7: =支点応力まとめ!B11 -> F21 | E7: =支点応力まとめ!C11 -> y10 | F7: =支点応力まとめ!D11 -> x2 | G7: =支点応力まとめ!E11 -> 3192.1 | H7: =支点応力まとめ!F11 -> y1 | I7: =支点応力まとめ!G11 -> x7 | J7: =支点応力まとめ!H11 -> 4859.7 | ... M7: =支点応力まとめ!K11 -> 1365.8
C8: =支点応力まとめ!A12 -> F30,F30B,F30C | D8: =支点応力まとめ!B12 -> F30 | E8: =支点応力まとめ!C12 -> y9 | F8: =支点応力まとめ!D12 -> x10 | G8: =支点応力まとめ!E12 -> 2471.5 | H8: =支点応力まとめ!F12 -> y10 | I8: =支点応力まとめ!G12 -> x7 | J8: =支点応力まとめ!H12 -> 4174 | ... M8: =支点応力まとめ!K12 -> 623.1
C9: =支点応力まとめ!A13 -> 0 | D9: =支点応力まとめ!B13 -> 0 | E9: =支点応力まとめ!C13 -> 0 | F9: =支点応力まとめ!D13 -> 0 | G9: =支点応力まとめ!E13 -> 0 | H9: =支点応力まとめ!F13 -> 0 | I9: =支点応力まとめ!G13 -> 0 | J9: =支点応力まとめ!H13 -> 0 | ... M9: =支点応力まとめ!K13 -> 0
C10: =支点応力まとめ!A14 -> 0 | D10: =支点応力まとめ!B14 -> 0 | E10: =支点応力まとめ!C14 -> 0 | F10: =支点応力まとめ!D14 -> 0 | G10: =支点応力まとめ!E14 -> 0 | H10: =支点応力まとめ!F14 -> 0 | I10: =支点応力まとめ!G14 -> 0 | J10: =支点応力まとめ!H14 -> 0 | ... M10: =支点応力まとめ!K14 -> 0
C11: =支点応力まとめ!A15 -> 0 | D11: =支点応力まとめ!B15 -> 0 | E11: =支点応力まとめ!C15 -> 0 | F11: =支点応力まとめ!D15 -> 0 | G11: =支点応力まとめ!E15 -> 0 | H11: =支点応力まとめ!F15 -> 0 | I11: =支点応力まとめ!G15 -> 0 | J11: =支点応力まとめ!H15 -> 0 | ... M11: =支点応力まとめ!K15 -> 0
C12: =支点応力まとめ!A16 -> 0 | D12: =支点応力まとめ!B16 -> 0 | E12: =支点応力まとめ!C16 -> 0 | F12: =支点応力まとめ!D16 -> 0 | G12: =支点応力まとめ!E16 -> 0 | H12: =支点応力まとめ!F16 -> 0 | I12: =支点応力まとめ!G16 -> 0 | J12: =支点応力まとめ!H16 -> 0 | ... M12: =支点応力まとめ!K16 -> 0
C13: =支点応力まとめ!A17 -> 0 | D13: =支点応力まとめ!B17 -> 0 | E13: =支点応力まとめ!C17 -> 0 | F13: =支点応力まとめ!D17 -> 0 | G13: =支点応力まとめ!E17 -> 0 | H13: =支点応力まとめ!F17 -> 0 | I13: =支点応力まとめ!G17 -> 0 | J13: =支点応力まとめ!H17 -> 0 | ... M13: =支点応力まとめ!K17 -> 0
C16: 0.76 | D16: Fc27のせん断許容応力度 | I16: 1.14 | J16: Fc27短期許容せん断応力度
C17: 0.215 | D17: 鉄筋の長期許容応力度(kN/mm^2) | I17: 0.39 | J17: 鉄筋の長期許容応力度(kN/mm^2)
C18: 0.195 | D18: あばら筋のせん断補強筋用応力度 | I18: 0.295 | J18: あばら筋のせん断補強筋用応力度
C19: 21700 | D19: Fc21のヤング係数(N/mm^2) | J19: at：主筋断面積
D20: Q_d：必要せん断力 | J20: τd：存在せん断応力
D21: at_d:必要主筋断面積 | J21: dc：かぶり厚
B23: ○二本杭フーチング検討諸元
B24: 記号 | C24: B(mm) | D24: D(mm) | E24: 主筋 | H24: スターラップ | L24: かぶり | M24: せん断 (kN) | N24: 杭あき (mm) | O24: ねじり T(kNm) | V24: 曲げの検討 | Z24: せん断力の検討 | AF24: ねじりの検討 | AL24: あばら筋比0.2%の検討
E25: 名称 | F25: 本数 | G25: 断面積 (mm2) | H25: 名称 | I25: 組 | J25: 断面積 (mm2) | K25: ピッチ | L25: dc(mm) | V25: M | W25: at_d | X25: at | Y25: at_d/at | Z25: Q_d | AA25: τd | AB25: pw | AC25: α | AD25: τa | AE25: τd/τa | AF25: A: T/M | AG25: B: 0.4/ (1+w) | AH25: A/B<1.0 | AI25: T0 | AJ25: Q0 | AK25: (T/T0)2+(Q/Q0)2<1.0 | AL25: ピッチp (mm) | AM25: あばら筋 断面積 A(mm2) | AN25: 幅B (mm) | AO25: あばら筋比 | AP25: 0.2/ あばら筋比
B26: F2長期 | C26: 3500 | D26: 1800 | E26: =F26&"-D29" -> 33-D29 | F26: 33 | G26: 642 | H26: =I26&"-D19@"&K26 -> 4-D19@200 | I26: 4 | J26: 286 | K26: 200 | L26: 70 | M26: 10253 | N26: 2500 | O26: 1400 | V26: =Z26*N26/2/1000 -> 6408.125 | W26: =V26*1000/$C$17/((D26-L26)*0.875) -> 19689.666 | X26: =G26*F26 -> 21186 | Y26: =W26/X26 -> 0.92937159 | Z26: =M26/2 -> 5126.5 | AA26: =Z26*1000/C26/((D26-L26-150)*0.875) -> 1.0594678 | AB26: =J26*I26/C26/K26 -> 0.0016342857 | AC26: =MIN( 4/((V26/Z26/(D26/1000))+1), 2 ) -> 2 | AD26: =(AC26*$C$16+0.5*$C$18*1000*(AB26-0.002)) -> 1.4843429 | AE26: =AA26/AD26 -> 0.71376221
B27: F2短期 | C27: =C26 -> 3500 | D27: =D26 -> 1800 | E27: =E26 -> 33-D29 | F27: =F26 -> 33 | G27: =$G$26 -> 642 | H27: =H26 -> 4-D19@200 | I27: =I26 -> 4 | J27: =J26 -> 286 | K27: =K26 -> 200 | L27: 70 | M27: 11892 | N27: =N26 -> 2500 | O27: =O26 -> 1400 | P27: 基礎を梁に見立ててせん断力の検討に、 αを考慮する場合は、 短期設計用せん断力の地震時せん断力を 1.5倍する必要がある。 | V27: =Z27*N27/2/1000 -> 7432.5 | W27: =V27*1000/$I$17/((D27-L27)*0.875) -> 12589.722 | X27: =G27*F27 -> 21186 | Y27: =W27/X27 -> 0.59424726 | Z27: =M27/2 -> 5946 | AA27: =Z27*1000/C27/((D27-L27-150)*0.875) -> 1.2288298 | AB27: =J27*I27/C27/K27 -> 0.0016342857 | AC27: =MIN( 4/((V27/Z27/(D27/1000))+1), 2 ) -> 2 | AD27: =(AC27*$I$16+0.5*$C$18*1000*(AB27-0.002)) -> 2.2443429 | AE27: =AA27/AD27 -> 0.54752319 | AF27: =O27/V27 -> 0.18836192 | AG27: =0.4/(1+K26/C26) -> 0.37837838 | AH27: =AF27/AG27 -> 0.49781366 | AI27: =POWER(MIN(C27:D27),2)*MAX(C27:D27)*1.15*$I$16/3000000 -> 4955.58 | AJ27: =C27*(D27*7/8)*AC27*$I$16/1000 -> 12568.5 | AK27: =POWER(O27/AI27,2)+POWER(Z27/AJ27,2) -> 0.30362356 | AL27: =K26 -> 200 | AM27: =J26*I26 -> 1144 | AN27: =C26 -> 3500 | AO27: =AM27/AL27/AN27*100 -> 0.16342857 | AP27: =0.2/AO27 -> 1.2237762
B28: F2短期(上端) | C28: =C27 -> 3500 | D28: =D27 -> 1800 | E28: =E27 -> 33-D29 | F28: =F27 -> 33 | G28: =$G$26 -> 642 | H28: =H27 -> 4-D19@200 | I28: =I27 -> 4 | J28: =J27 -> 286 | K28: =K27 -> 200 | L28: 70 | M28: 0.1 | N28: =N27 -> 2500 | O28: 700 | V28: =Z28*N28/2/1000 -> 0.0625 | W28: =V28*1000/$I$17/((D28-L28)*0.875) -> 0.10586716 | X28: =G28*F28 -> 21186 | Y28: =W28/X28 -> 4.9970338e-06 | Z28: =M28/2 -> 0.05 | AA28: =Z28*1000/C28/((D28-L28-150)*0.875) -> 1.0333247e-05 | AB28: =J28*I28/C28/K28 -> 0.0016342857 | AC28: =MIN( 4/((V28/Z28/(D28/1000))+1), 2 ) -> 2 | AD28: =(AC28*$I$16+0.5*$C$18*1000*(AB28-0.002)) -> 2.2443429 | AE28: =AA28/AD28 -> 4.6041304e-06
B29: F12長期 | C29: 2200 | D29: 1700 | E29: =F29&"-D25" -> 20-D25 | F29: 20 | G29: 507 | H29: =I29&"-D16@"&K29 -> 4-D16@175 | I29: 4 | J29: 198 | K29: 175 | L29: 70 | M29: 5869 | N29: 2000 | O29: 1400 | V29: =Z29*N29/2/1000 -> 2934.5 | W29: =V29*1000/$C$17/((D29-L29)*0.875) -> 9569.7369 | X29: =G29*F29 -> 10140 | Y29: =W29/X29 -> 0.94376103 | Z29: =M29/2 -> 2934.5 | AA29: =Z29*1000/C29/((D29-L29-150)*0.875) -> 1.0300105 | AB29: =J29*I29/C29/K29 -> 0.0020571429 | AC29: =MIN( 4/((V29/Z29/(D29/1000))+1), 2 ) -> 2 | AD29: =(AC29*$C$16+0.5*$C$18*1000*(AB29-0.002)) -> 1.5255714 | AE29: =AA29/AD29 -> 0.67516375
B30: F12短期最大 | C30: =C29 -> 2200 | D30: =D29 -> 1700 | E30: =E29 -> 20-D25 | F30: =F29 -> 20 | G30: =G29 -> 507 | H30: =H29 -> 4-D16@175 | I30: =I29 -> 4 | J30: =J29 -> 198 | ... L30: =L29 -> 70 | M30: 7770 | N30: =N29 -> 2000 | O30: =O29 -> 1400 | V30: =Z30*N30/2/1000 -> 3885 | W30: =V30*1000/$I$17/((D30-L30)*0.875) -> 6984.4266 | X30: =G30*F30 -> 10140 | Y30: =W30/X30 -> 0.68879947 | Z30: =M30/2 -> 3885 | AA30: =Z30*1000/C30/((D30-L30-150)*0.875) -> 1.3636364 | AB30: =J30*I30/C30/K30 -> 0.0020571429 | AC30: =MIN( 4/((V30/Z30/(D30/1000))+1), 2 ) -> 2 | AD30: =(AC30*$I$16+0.5*$C$18*1000*(AB30-0.002)) -> 2.2855714 | AE30: =AA30/AD30 -> 0.5966282 | AF30: =O30/V30 -> 0.36036036 | AG30: =0.4/(1+K29/C29) -> 0.37052632 | AH30: =AF30/AG30 -> 0.97256347 | AI30: =POWER(MIN(C30:D30),2)*MAX(C30:D30)*1.15*$I$16/3000000 -> 2778.446 | AJ30: =C30*(D30*7/8)*AC30*$I$16/1000 -> 7461.3 | AK30: =POWER(O30/AI30,2)+POWER(Z30/AJ30,2) -> 0.52500852 | AL30: =K29 -> 175 | AM30: =J29*I29 -> 792 | AN30: =C29 -> 2200 | AO30: =AM30/AL30/AN30*100 -> 0.20571429 | AP30: =0.2/AO30 -> 0.97222222
B31: F12短期最小 | C31: =C30 -> 2200 | D31: =D30 -> 1700 | E31: =E30 -> 20-D25 | F31: =F30 -> 20 | G31: =G30 -> 507 | H31: =H30 -> 4-D16@175 | I31: =I30 -> 4 | J31: =J30 -> 198 | ... L31: =L30 -> 70 | M31: 0.1 | N31: =N30 -> 2000 | O31: =O30 -> 1400 | V31: =Z31*N31/2/1000 -> 0.05 | W31: =V31*1000/$C$17/((D31-L31)*0.875) -> 0.16305566 | X31: =G31*F31 -> 10140 | Y31: =W31/X31 -> 1.608044e-05 | Z31: =M31/2 -> 0.05 | AA31: =Z31*1000/C31/((D31-L31-150)*0.875) -> 1.7550018e-05 | AB31: =J31*I31/C31/K31 -> 0.0020571429 | AC31: =MIN( 4/((V31/Z31/(D31/1000))+1), 2 ) -> 2 | AD31: =(AC31*$I$16+0.5*$C$18*1000*(AB31-0.002)) -> 2.2855714 | AE31: =AA31/AD31 -> 7.6786126e-06
C32: 1200 | D32: 1300 | E32: =F32&"-D25" -> 14-D25 | F32: 14 | G32: 507 | H32: =I32&"-D13@"&K32 -> 2-D13@100 | I32: 2 | J32: 126 | K32: 100 | L32: 70 | N32: 1870 | O32: 500 | V32: =Z32*N32/2/1000 -> 0 | W32: =V32*1000/$C$17/((D32-L32)*0.875) -> 0 | X32: =G32*F32 -> 7098 | Y32: =W32/X32 -> 0 | Z32: =M32/2 -> 0 | AA32: =Z32*1000/C32/((D32-L32-150)*0.875) -> 0 | AB32: =J32*I32/C32/K32 -> 0.0021 | AC32: =MIN( 4/((V32/Z32/(D32/1000))+1), 2 ) -> #DIV/0! | AD32: =(AC32*$C$16+0.5*$C$18*1000*(AB32-0.002)) -> #DIV/0! | AE32: =AA32/AD32 -> #DIV/0!
C33: =C32 -> 1200 | D33: =D32 -> 1300 | E33: =E32 -> 14-D25 | F33: =F32 -> 14 | G33: =G32 -> 507 | H33: =H32 -> 2-D13@100 | I33: =I32 -> 2 | J33: =J32 -> 126 | ... L33: =L32 -> 70 | N33: =N32 -> 1870 | O33: =O32 -> 500 | V33: =Z33*N33/2/1000 -> 0 | W33: =V33*1000/$I$17/((D33-L33)*0.875) -> 0 | X33: =G33*F33 -> 7098 | Y33: =W33/X33 -> 0 | Z33: =M33/2 -> 0 | AA33: =Z33*1000/C33/((D33-L33-150)*0.875) -> 0 | AB33: =J33*I33/C33/K33 -> 0.0021 | AC33: =MIN( 4/((V33/Z33/(D33/1000))+1), 2 ) -> #DIV/0! | AD33: =(AC33*$I$16+0.5*$C$18*1000*(AB33-0.002)) -> #DIV/0! | AE33: =AA33/AD33 -> #DIV/0! | AF33: =O33/V33 -> #DIV/0! | AG33: =0.4/(1+K32/C32) -> 0.36923077 | AH33: =AF33/AG33 -> #DIV/0! | AI33: =POWER(MIN(C33:D33),2)*MAX(C33:D33)*1.15*$I$16/3000000 -> 818.064 | AJ33: =C33*(D33*7/8)*AC33*$I$16/1000 -> #DIV/0! | AK33: =POWER(O33/AI33,2)+POWER(Z33/AJ33,2) -> #DIV/0! | AL33: =K32 -> 100 | AM33: =J32*I32 -> 252 | AN33: =C32 -> 1200 | AO33: =AM33/AL33/AN33*100 -> 0.21 | AP33: =0.2/AO33 -> 0.95238095
C34: =C33 -> 1200 | D34: =D33 -> 1300 | E34: =E33 -> 14-D25 | F34: =F33 -> 14 | G34: =G33 -> 507 | H34: =H33 -> 2-D13@100 | I34: =I33 -> 2 | J34: =J33 -> 126 | ... L34: =L33 -> 70 | N34: =N33 -> 1870 | O34: =O33 -> 500 | V34: =Z34*N34/2/1000 -> 0 | W34: =V34*1000/$C$17/((D34-L34)*0.875) -> 0 | X34: =G34*F34 -> 7098 | Y34: =W34/X34 -> 0 | Z34: =M34/2 -> 0 | AA34: =Z34*1000/C34/((D34-L34-150)*0.875) -> 0 | AB34: =J34*I34/C34/K34 -> 0.0021 | AC34: =MIN( 4/((V34/Z34/(D34/1000))+1), 2 ) -> #DIV/0! | AD34: =(AC34*$I$16+0.5*$C$18*1000*(AB34-0.002)) -> #DIV/0! | AE34: =AA34/AD34 -> #DIV/0!
C35: 1200 | D35: 1300 | E35: =F35&"-D25" -> 10-D25 | F35: 10 | G35: 507 | H35: =I35&"-D13@"&K35 -> 2-D13@100 | I35: 2 | J35: 126 | K35: 100 | L35: 70 | N35: 1620 | O35: 500 | V35: =Z35*N35/2/1000 -> 0 | W35: =V35*1000/$C$17/((D35-L35)*0.875) -> 0 | X35: =G35*F35 -> 5070 | Y35: =W35/X35 -> 0 | Z35: =M35/2 -> 0 | AA35: =Z35*1000/C35/((D35-L35-150)*0.875) -> 0 | AB35: =J35*I35/C35/K35 -> 0.0021 | AC35: =MIN( 4/((V35/Z35/(D35/1000))+1), 2 ) -> #DIV/0! | AD35: =(AC35*$C$16+0.5*$C$18*1000*(AB35-0.002)) -> #DIV/0! | AE35: =AA35/AD35 -> #DIV/0!
C36: =C35 -> 1200 | D36: =D35 -> 1300 | E36: =E35 -> 10-D25 | F36: =F35 -> 10 | G36: =G35 -> 507 | H36: =H35 -> 2-D13@100 | I36: =I35 -> 2 | J36: =J35 -> 126 | ... L36: =L35 -> 70 | N36: =N35 -> 1620 | O36: =O35 -> 500 | V36: =Z36*N36/2/1000 -> 0 | W36: =V36*1000/$I$17/((D36-L36)*0.875) -> 0 | X36: =G36*F36 -> 5070 | Y36: =W36/X36 -> 0 | Z36: =M36/2 -> 0 | AA36: =Z36*1000/C36/((D36-L36-150)*0.875) -> 0 | AB36: =J36*I36/C36/K36 -> 0.0021 | AC36: =MIN( 4/((V36/Z36/(D36/1000))+1), 2 ) -> #DIV/0! | AD36: =(AC36*$I$16+0.5*$C$18*1000*(AB36-0.002)) -> #DIV/0! | AE36: =AA36/AD36 -> #DIV/0! | AF36: =O36/V36 -> #DIV/0! | AG36: =0.4/(1+K35/C35) -> 0.36923077 | AH36: =AF36/AG36 -> #DIV/0! | AI36: =POWER(MIN(C36:D36),2)*MAX(C36:D36)*1.15*$I$16/3000000 -> 818.064 | AJ36: =C36*(D36*7/8)*AC36*$I$16/1000 -> #DIV/0! | AK36: =POWER(O36/AI36,2)+POWER(Z36/AJ36,2) -> #DIV/0! | AL36: =K35 -> 100 | AM36: =J35*I35 -> 252 | AN36: =C35 -> 1200 | AO36: =AM36/AL36/AN36*100 -> 0.21 | AP36: =0.2/AO36 -> 0.95238095
C37: =C36 -> 1200 | D37: =D36 -> 1300 | E37: =E36 -> 10-D25 | F37: =F36 -> 10 | G37: =G36 -> 507 | H37: =H36 -> 2-D13@100 | I37: =I36 -> 2 | J37: =J36 -> 126 | ... L37: =L36 -> 70 | N37: =N36 -> 1620 | O37: =O36 -> 500 | V37: =Z37*N37/2/1000 -> 0 | W37: =V37*1000/$C$17/((D37-L37)*0.875) -> 0 | X37: =G37*F37 -> 5070 | Y37: =W37/X37 -> 0 | Z37: =M37/2 -> 0 | AA37: =Z37*1000/C37/((D37-L37-150)*0.875) -> 0 | AB37: =J37*I37/C37/K37 -> 0.0021 | AC37: =MIN( 4/((V37/Z37/(D37/1000))+1), 2 ) -> #DIV/0! | AD37: =(AC37*$I$16+0.5*$C$18*1000*(AB37-0.002)) -> #DIV/0! | AE37: =AA37/AD37 -> #DIV/0!
B39: ○二本杭フーチング検討結果
B40: 記号 | C40: (1) 曲げの検討 | G40: (2) せん断力の検討
C41: M (kNm) | D41: at_d (mm2) | E41: at (mm) | F41: at_d/at | G41: Q_d (kN) | H41: τd (kN) | I41: pw | J41: α | K41: τa | L41: τd/τa
B42: =IF(ISBLANK(B26),"",B26) -> F2長期 | C42: =IF(ISBLANK(V26),"",V26) -> 6408.125 | D42: =IF(ISBLANK(W26),"",W26) -> 19689.666 | E42: =IF(ISBLANK(X26),"",X26) -> 21186 | F42: =IF(ISBLANK(Y26),"",Y26) -> 0.92937159 | G42: =IF(ISBLANK(Z26),"",Z26) -> 5126.5 | H42: =IF(ISBLANK(AA26),"",AA26) -> 1.0594678 | I42: =IF(ISBLANK(AB26),"",AB26) -> 0.0016342857 | J42: =IF(ISBLANK(AC26),"",AC26) -> 2 | ... L42: =IF(ISBLANK(AE26),"",AE26) -> 0.71376221
B43: =IF(ISBLANK(B27),"",B27) -> F2短期 | C43: =IF(ISBLANK(V27),"",V27) -> 7432.5 | D43: =IF(ISBLANK(W27),"",W27) -> 12589.722 | E43: =IF(ISBLANK(X27),"",X27) -> 21186 | F43: =IF(ISBLANK(Y27),"",Y27) -> 0.59424726 | G43: =IF(ISBLANK(Z27),"",Z27) -> 5946 | H43: =IF(ISBLANK(AA27),"",AA27) -> 1.2288298 | I43: =IF(ISBLANK(AB27),"",AB27) -> 0.0016342857 | J43: =IF(ISBLANK(AC27),"",AC27) -> 2 | ... L43: =IF(ISBLANK(AE27),"",AE27) -> 0.54752319
B44: =IF(ISBLANK(B28),"",B28) -> F2短期(上端) | C44: =IF(ISBLANK(V28),"",V28) -> 0.0625 | D44: =IF(ISBLANK(W28),"",W28) -> 0.10586716 | E44: =IF(ISBLANK(X28),"",X28) -> 21186 | F44: =IF(ISBLANK(Y28),"",Y28) -> 4.9970338e-06 | G44: =IF(ISBLANK(Z28),"",Z28) -> 0.05 | H44: =IF(ISBLANK(AA28),"",AA28) -> 1.0333247e-05 | I44: =IF(ISBLANK(AB28),"",AB28) -> 0.0016342857 | J44: =IF(ISBLANK(AC28),"",AC28) -> 2 | ... L44: =IF(ISBLANK(AE28),"",AE28) -> 4.6041304e-06
B45: =IF(ISBLANK(B29),"",B29) -> F12長期 | C45: =IF(ISBLANK(V29),"",V29) -> 2934.5 | D45: =IF(ISBLANK(W29),"",W29) -> 9569.7369 | E45: =IF(ISBLANK(X29),"",X29) -> 10140 | F45: =IF(ISBLANK(Y29),"",Y29) -> 0.94376103 | G45: =IF(ISBLANK(Z29),"",Z29) -> 2934.5 | H45: =IF(ISBLANK(AA29),"",AA29) -> 1.0300105 | I45: =IF(ISBLANK(AB29),"",AB29) -> 0.0020571429 | J45: =IF(ISBLANK(AC29),"",AC29) -> 2 | ... L45: =IF(ISBLANK(AE29),"",AE29) -> 0.67516375
B46: =IF(ISBLANK(B30),"",B30) -> F12短期最大 | C46: =IF(ISBLANK(V30),"",V30) -> 3885 | D46: =IF(ISBLANK(W30),"",W30) -> 6984.4266 | E46: =IF(ISBLANK(X30),"",X30) -> 10140 | F46: =IF(ISBLANK(Y30),"",Y30) -> 0.68879947 | G46: =IF(ISBLANK(Z30),"",Z30) -> 3885 | H46: =IF(ISBLANK(AA30),"",AA30) -> 1.3636364 | I46: =IF(ISBLANK(AB30),"",AB30) -> 0.0020571429 | J46: =IF(ISBLANK(AC30),"",AC30) -> 2 | ... L46: =IF(ISBLANK(AE30),"",AE30) -> 0.5966282
B47: =IF(ISBLANK(B31),"",B31) -> F12短期最小 | C47: =IF(ISBLANK(V31),"",V31) -> 0.05 | D47: =IF(ISBLANK(W31),"",W31) -> 0.16305566 | E47: =IF(ISBLANK(X31),"",X31) -> 10140 | F47: =IF(ISBLANK(Y31),"",Y31) -> 1.608044e-05 | G47: =IF(ISBLANK(Z31),"",Z31) -> 0.05 | H47: =IF(ISBLANK(AA31),"",AA31) -> 1.7550018e-05 | I47: =IF(ISBLANK(AB31),"",AB31) -> 0.0020571429 | J47: =IF(ISBLANK(AC31),"",AC31) -> 2 | ... L47: =IF(ISBLANK(AE31),"",AE31) -> 7.6786126e-06
B48: =IF(ISBLANK(B32),"",B32) | C48: =IF(ISBLANK(V32),"",V32) -> 0 | D48: =IF(ISBLANK(W32),"",W32) -> 0 | E48: =IF(ISBLANK(X32),"",X32) -> 7098 | F48: =IF(ISBLANK(Y32),"",Y32) -> 0 | G48: =IF(ISBLANK(Z32),"",Z32) -> 0 | H48: =IF(ISBLANK(AA32),"",AA32) -> 0 | I48: =IF(ISBLANK(AB32),"",AB32) -> 0.0021 | J48: =IF(ISBLANK(AC32),"",AC32) -> #DIV/0! | ... L48: =IF(ISBLANK(AE32),"",AE32) -> #DIV/0!
B49: =IF(ISBLANK(B33),"",B33) | C49: =IF(ISBLANK(V33),"",V33) -> 0 | D49: =IF(ISBLANK(W33),"",W33) -> 0 | E49: =IF(ISBLANK(X33),"",X33) -> 7098 | F49: =IF(ISBLANK(Y33),"",Y33) -> 0 | G49: =IF(ISBLANK(Z33),"",Z33) -> 0 | H49: =IF(ISBLANK(AA33),"",AA33) -> 0 | I49: =IF(ISBLANK(AB33),"",AB33) -> 0.0021 | J49: =IF(ISBLANK(AC33),"",AC33) -> #DIV/0! | ... L49: =IF(ISBLANK(AE33),"",AE33) -> #DIV/0!
B50: =IF(ISBLANK(B34),"",B34) | C50: =IF(ISBLANK(V34),"",V34) -> 0 | D50: =IF(ISBLANK(W34),"",W34) -> 0 | E50: =IF(ISBLANK(X34),"",X34) -> 7098 | F50: =IF(ISBLANK(Y34),"",Y34) -> 0 | G50: =IF(ISBLANK(Z34),"",Z34) -> 0 | H50: =IF(ISBLANK(AA34),"",AA34) -> 0 | I50: =IF(ISBLANK(AB34),"",AB34) -> 0.0021 | J50: =IF(ISBLANK(AC34),"",AC34) -> #DIV/0! | ... L50: =IF(ISBLANK(AE34),"",AE34) -> #DIV/0!
B51: =IF(ISBLANK(B35),"",B35) | C51: =IF(ISBLANK(V35),"",V35) -> 0 | D51: =IF(ISBLANK(W35),"",W35) -> 0 | E51: =IF(ISBLANK(X35),"",X35) -> 5070 | F51: =IF(ISBLANK(Y35),"",Y35) -> 0 | G51: =IF(ISBLANK(Z35),"",Z35) -> 0 | H51: =IF(ISBLANK(AA35),"",AA35) -> 0 | I51: =IF(ISBLANK(AB35),"",AB35) -> 0.0021 | J51: =IF(ISBLANK(AC35),"",AC35) -> #DIV/0! | ... L51: =IF(ISBLANK(AE35),"",AE35) -> #DIV/0!
B52: =IF(ISBLANK(B36),"",B36) | C52: =IF(ISBLANK(V36),"",V36) -> 0 | D52: =IF(ISBLANK(W36),"",W36) -> 0 | E52: =IF(ISBLANK(X36),"",X36) -> 5070 | F52: =IF(ISBLANK(Y36),"",Y36) -> 0 | G52: =IF(ISBLANK(Z36),"",Z36) -> 0 | H52: =IF(ISBLANK(AA36),"",AA36) -> 0 | I52: =IF(ISBLANK(AB36),"",AB36) -> 0.0021 | J52: =IF(ISBLANK(AC36),"",AC36) -> #DIV/0! | ... L52: =IF(ISBLANK(AE36),"",AE36) -> #DIV/0!
B53: =IF(ISBLANK(B37),"",B37) | C53: =IF(ISBLANK(V37),"",V37) -> 0 | D53: =IF(ISBLANK(W37),"",W37) -> 0 | E53: =IF(ISBLANK(X37),"",X37) -> 5070 | F53: =IF(ISBLANK(Y37),"",Y37) -> 0 | G53: =IF(ISBLANK(Z37),"",Z37) -> 0 | H53: =IF(ISBLANK(AA37),"",AA37) -> 0 | I53: =IF(ISBLANK(AB37),"",AB37) -> 0.0021 | J53: =IF(ISBLANK(AC37),"",AC37) -> #DIV/0! | ... L53: =IF(ISBLANK(AE37),"",AE37) -> #DIV/0!
B55: 記号 | C55: (3)ねじりの検討 | J55: (4)あばら筋比0.2%の検討
C56: A: T/M | D56: B: 0.4/ (1+w) | E56: A/B <1.0 | F56: T0 | G56: Q0 | H56: (T/T0)2 +(Q/Q0)2<1.0 | J56: ピッチp (mm) | K56: あばら筋 断面積 A(mm2) | L56: 幅B (mm) | M56: あばら 筋比 | N56: 0.2/ あばら筋比
B57: =IF(ISBLANK(B42),"",B42) -> F2長期 | C57: =IF(ISBLANK(AF26),"",AF26) | D57: =IF(ISBLANK(AG26),"",AG26) | E57: =IF(ISBLANK(AH26),"",AH26) | F57: =IF(ISBLANK(AI26),"",AI26) | G57: =IF(ISBLANK(AJ26),"",AJ26) | H57: =IF(ISBLANK(AK26),"",AK26) | J57: =IF(ISBLANK(AL26),"",AL26) | K57: =IF(ISBLANK(AM26),"",AM26) | L57: =IF(ISBLANK(AN26),"",AN26) | M57: =IF(ISBLANK(AO26),"",AO26) | N57: =IF(ISBLANK(AP26),"",AP26)
B58: =IF(ISBLANK(B43),"",B43) -> F2短期 | C58: =IF(ISBLANK(AF27),"",AF27) -> 0.18836192 | D58: =IF(ISBLANK(AG27),"",AG27) -> 0.37837838 | E58: =IF(ISBLANK(AH27),"",AH27) -> 0.49781366 | F58: =IF(ISBLANK(AI27),"",AI27) -> 4955.58 | G58: =IF(ISBLANK(AJ27),"",AJ27) -> 12568.5 | H58: =IF(ISBLANK(AK27),"",AK27) -> 0.30362356 | J58: =IF(ISBLANK(AL27),"",AL27) -> 200 | K58: =IF(ISBLANK(AM27),"",AM27) -> 1144 | L58: =IF(ISBLANK(AN27),"",AN27) -> 3500 | M58: =IF(ISBLANK(AO27),"",AO27) -> 0.16342857 | N58: =IF(ISBLANK(AP27),"",AP27) -> 1.2237762
B59: =IF(ISBLANK(B44),"",B44) -> F2短期(上端) | C59: =IF(ISBLANK(AF28),"",AF28) | D59: =IF(ISBLANK(AG28),"",AG28) | E59: =IF(ISBLANK(AH28),"",AH28) | F59: =IF(ISBLANK(AI28),"",AI28) | G59: =IF(ISBLANK(AJ28),"",AJ28) | H59: =IF(ISBLANK(AK28),"",AK28) | J59: =IF(ISBLANK(AL28),"",AL28) | K59: =IF(ISBLANK(AM28),"",AM28) | L59: =IF(ISBLANK(AN28),"",AN28) | M59: =IF(ISBLANK(AO28),"",AO28) | N59: =IF(ISBLANK(AP28),"",AP28)
B60: =IF(ISBLANK(B45),"",B45) -> F12長期 | C60: =IF(ISBLANK(AF29),"",AF29) | D60: =IF(ISBLANK(AG29),"",AG29) | E60: =IF(ISBLANK(AH29),"",AH29) | F60: =IF(ISBLANK(AI29),"",AI29) | G60: =IF(ISBLANK(AJ29),"",AJ29) | H60: =IF(ISBLANK(AK29),"",AK29) | J60: =IF(ISBLANK(AL29),"",AL29) | K60: =IF(ISBLANK(AM29),"",AM29) | L60: =IF(ISBLANK(AN29),"",AN29) | M60: =IF(ISBLANK(AO29),"",AO29) | N60: =IF(ISBLANK(AP29),"",AP29)
B61: =IF(ISBLANK(B46),"",B46) -> F12短期最大 | C61: =IF(ISBLANK(AF30),"",AF30) -> 0.36036036 | D61: =IF(ISBLANK(AG30),"",AG30) -> 0.37052632 | E61: =IF(ISBLANK(AH30),"",AH30) -> 0.97256347 | F61: =IF(ISBLANK(AI30),"",AI30) -> 2778.446 | G61: =IF(ISBLANK(AJ30),"",AJ30) -> 7461.3 | H61: =IF(ISBLANK(AK30),"",AK30) -> 0.52500852 | J61: =IF(ISBLANK(AL30),"",AL30) -> 175 | K61: =IF(ISBLANK(AM30),"",AM30) -> 792 | L61: =IF(ISBLANK(AN30),"",AN30) -> 2200 | M61: =IF(ISBLANK(AO30),"",AO30) -> 0.20571429 | N61: =IF(ISBLANK(AP30),"",AP30) -> 0.97222222
B62: =IF(ISBLANK(B47),"",B47) -> F12短期最小 | C62: =IF(ISBLANK(AF31),"",AF31) | D62: =IF(ISBLANK(AG31),"",AG31) | E62: =IF(ISBLANK(AH31),"",AH31) | F62: =IF(ISBLANK(AI31),"",AI31) | G62: =IF(ISBLANK(AJ31),"",AJ31) | H62: =IF(ISBLANK(AK31),"",AK31) | J62: =IF(ISBLANK(AL31),"",AL31) | K62: =IF(ISBLANK(AM31),"",AM31) | L62: =IF(ISBLANK(AN31),"",AN31) | M62: =IF(ISBLANK(AO31),"",AO31) | N62: =IF(ISBLANK(AP31),"",AP31)
B63: =IF(ISBLANK(B48),"",B48) | C63: =IF(ISBLANK(AF32),"",AF32) | D63: =IF(ISBLANK(AG32),"",AG32) | E63: =IF(ISBLANK(AH32),"",AH32) | F63: =IF(ISBLANK(AI32),"",AI32) | G63: =IF(ISBLANK(AJ32),"",AJ32) | H63: =IF(ISBLANK(AK32),"",AK32) | J63: =IF(ISBLANK(AL32),"",AL32) | K63: =IF(ISBLANK(AM32),"",AM32) | L63: =IF(ISBLANK(AN32),"",AN32) | M63: =IF(ISBLANK(AO32),"",AO32) | N63: =IF(ISBLANK(AP32),"",AP32)
B64: =IF(ISBLANK(B49),"",B49) | C64: =IF(ISBLANK(AF33),"",AF33) -> #DIV/0! | D64: =IF(ISBLANK(AG33),"",AG33) -> 0.36923077 | E64: =IF(ISBLANK(AH33),"",AH33) -> #DIV/0! | F64: =IF(ISBLANK(AI33),"",AI33) -> 818.064 | G64: =IF(ISBLANK(AJ33),"",AJ33) -> #DIV/0! | H64: =IF(ISBLANK(AK33),"",AK33) -> #DIV/0! | J64: =IF(ISBLANK(AL33),"",AL33) -> 100 | K64: =IF(ISBLANK(AM33),"",AM33) -> 252 | L64: =IF(ISBLANK(AN33),"",AN33) -> 1200 | M64: =IF(ISBLANK(AO33),"",AO33) -> 0.21 | N64: =IF(ISBLANK(AP33),"",AP33) -> 0.95238095
B65: =IF(ISBLANK(B50),"",B50) | C65: =IF(ISBLANK(AF34),"",AF34) | D65: =IF(ISBLANK(AG34),"",AG34) | E65: =IF(ISBLANK(AH34),"",AH34) | F65: =IF(ISBLANK(AI34),"",AI34) | G65: =IF(ISBLANK(AJ34),"",AJ34) | H65: =IF(ISBLANK(AK34),"",AK34) | J65: =IF(ISBLANK(AL34),"",AL34) | K65: =IF(ISBLANK(AM34),"",AM34) | L65: =IF(ISBLANK(AN34),"",AN34) | M65: =IF(ISBLANK(AO34),"",AO34) | N65: =IF(ISBLANK(AP34),"",AP34)
B66: =IF(ISBLANK(B51),"",B51) | C66: =IF(ISBLANK(AF35),"",AF35) | D66: =IF(ISBLANK(AG35),"",AG35) | E66: =IF(ISBLANK(AH35),"",AH35) | F66: =IF(ISBLANK(AI35),"",AI35) | G66: =IF(ISBLANK(AJ35),"",AJ35) | H66: =IF(ISBLANK(AK35),"",AK35) | J66: =IF(ISBLANK(AL35),"",AL35) | K66: =IF(ISBLANK(AM35),"",AM35) | L66: =IF(ISBLANK(AN35),"",AN35) | M66: =IF(ISBLANK(AO35),"",AO35) | N66: =IF(ISBLANK(AP35),"",AP35)
B67: =IF(ISBLANK(B52),"",B52) | C67: =IF(ISBLANK(AF36),"",AF36) -> #DIV/0! | D67: =IF(ISBLANK(AG36),"",AG36) -> 0.36923077 | E67: =IF(ISBLANK(AH36),"",AH36) -> #DIV/0! | F67: =IF(ISBLANK(AI36),"",AI36) -> 818.064 | G67: =IF(ISBLANK(AJ36),"",AJ36) -> #DIV/0! | H67: =IF(ISBLANK(AK36),"",AK36) -> #DIV/0! | J67: =IF(ISBLANK(AL36),"",AL36) -> 100 | K67: =IF(ISBLANK(AM36),"",AM36) -> 252 | L67: =IF(ISBLANK(AN36),"",AN36) -> 1200 | M67: =IF(ISBLANK(AO36),"",AO36) -> 0.21 | N67: =IF(ISBLANK(AP36),"",AP36) -> 0.95238095
B68: =IF(ISBLANK(B53),"",B53) | C68: =IF(ISBLANK(AF37),"",AF37) | D68: =IF(ISBLANK(AG37),"",AG37) | E68: =IF(ISBLANK(AH37),"",AH37) | F68: =IF(ISBLANK(AI37),"",AI37) | G68: =IF(ISBLANK(AJ37),"",AJ37) | H68: =IF(ISBLANK(AK37),"",AK37) | J68: =IF(ISBLANK(AL37),"",AL37) | K68: =IF(ISBLANK(AM37),"",AM37) | L68: =IF(ISBLANK(AN37),"",AN37) | M68: =IF(ISBLANK(AO37),"",AO37) | N68: =IF(ISBLANK(AP37),"",AP37)
B71: フーチング | C71: 整理名称 | D71: 軸 | E71: 通 | F71: 長期 最大値 | G71: 軸 | H71: 通 | I71: 短期 最大値 | J71: 軸 | K71: 通 | L71: 短期 最小値
B73: =C4 -> F10,F10A,F10B,F10C | C73: =D4 -> F10 | D73: =E4 -> y8 | E73: =F4 -> x9 | F73: =G4 -> 5244.2 | G73: =H4 -> y2 | H73: =I4 -> x7 | I73: =J4 -> 6396.35 | ... L73: =M4 -> 703.9
B74: =C5 -> F11 | C74: =D5 -> F11 | D74: =E5 -> y9 | E74: =F5 -> x9 | F74: =G5 -> 4240.1 | G74: =H5 -> y9 | H74: =I5 -> x9 | I74: =J5 -> 5163.35 | ... L74: =M5 -> 3591
B75: =C6 -> F20A,F20C,F20D | C75: =D6 -> F20 | D75: =E6 -> y7 | E75: =F6 -> x10 | F75: =G6 -> 3364.8 | G75: =H6 -> y1 | H75: =I6 -> x4 | I75: =J6 -> 4662.95 | ... L75: =M6 -> 1279.9
B76: =C7 -> F21,F21B,F21C | C76: =D7 -> F21 | D76: =E7 -> y10 | E76: =F7 -> x2 | F76: =G7 -> 3192.1 | G76: =H7 -> y1 | H76: =I7 -> x7 | I76: =J7 -> 4859.7 | ... L76: =M7 -> 1365.8
B77: =C8 -> F30,F30B,F30C | C77: =D8 -> F30 | D77: =E8 -> y9 | E77: =F8 -> x10 | F77: =G8 -> 2471.5 | G77: =H8 -> y10 | H77: =I8 -> x7 | I77: =J8 -> 4174 | ... L77: =M8 -> 623.1
B82: ○パンチングシアの検討諸元
B83: フーチング周長b1：フーチングの短辺の2倍とし、これより計算b0が大きい場合はb1をb0とした
B84: 記号 | C84: 杭本数 | D84: 杭径 | E84: 有効せい | F84: 長期軸力 | G84: 短期軸力 | H84: 長期検討軸力 | I84: 短期検討軸力 | J84: 長期 | K84: 短期 | L84: フーチング | N84: 採用b0 | P84: 長期 | Q84: 短期 | R84: 長期検定 | S84: 短期検定
C85: np(本) | D85: Dp(mm) | E85: d(mm) | F85: Nl(kN) | G85: Ns(kN) | H85: Nl/np | I85: Ns/np | J85: fs(Mpa) | K85: fs(Mpa) | L85: 周長b1 (mm) | M85: b0(mm) | N85: min(b0,b1) | O85: j(mm) | P85: QPA(kN) | Q85: QPA(kN) | R85: (Nl/np)/QPA | S85: (Ns/np)/QPA
B86: =B74 -> F11 | C86: 1 | D86: 900 | E86: 1350 | F86: =F74 -> 4240.1 | G86: =I74 -> 5163.35 | H86: =F86/C86 -> 4240.1 | I86: =G86/C86 -> 5163.35 | J86: =$C$16 -> 0.76 | K86: =$I$16 -> 1.14 | L86: =2*2250 -> 4500 | M86: =PI()*(D86+E86) -> 7068.5835 | N86: =MIN(L86,M86) -> 4500 | O86: =E86*7/8 -> 1181.25 | P86: =1.5*$N$86*$O$86*J86/1000 -> 6059.8125 | Q86: =1.5*$N$86*$O$86*K86/1000 -> 9089.7188 | R86: =F86/P86 -> 0.69970812 | S86: =I86/Q86 -> 0.56804288
B87: =B76 -> F21,F21B,F21C | C87: 1 | D87: 800 | E87: 1350 | F87: =F76 -> 3192.1 | G87: =I76 -> 4859.7 | H87: =F87/C87 -> 3192.1 | I87: =G87/C87 -> 4859.7 | J87: =$C$16 -> 0.76 | K87: =$I$16 -> 1.14 | L87: =2*2000 -> 4000 | M87: =PI()*(D87+E87) -> 6754.4242 | N87: =MIN(L87,M87) -> 4000 | O87: =E87*7/8 -> 1181.25 | P87: =1.5*$N$87*$O$87*J87/1000 -> 5386.5 | Q87: =1.5*$N$87*$O$87*K87/1000 -> 8079.75 | R87: =F87/P87 -> 0.59261116 | S87: =H87/Q87 -> 0.39507411
H88: =F88/C88 -> #DIV/0! | I88: =G88/C88 -> #DIV/0! | J88: =$C$16 -> 0.76 | K88: =$I$16 -> 1.14 | M88: =PI()*(D88+E88) -> 0 | N88: =MIN(L88,M88) -> 0 | O88: =E88*7/8 -> 0 | P88: =1.5*$N$88*$O$88*J88/1000 -> 0 | Q88: =1.5*$N$88*$O$88*K88/1000 -> 0 | R88: =F88/P88 -> #DIV/0! | S88: =H88/Q88 -> #DIV/0!
H89: =F89/C89 -> #DIV/0! | I89: =G89/C89 -> #DIV/0! | J89: =$C$16 -> 0.76 | K89: =$I$16 -> 1.14 | M89: =PI()*(D89+E89) -> 0 | N89: =MIN(L89,M89) -> 0 | O89: =E89*7/8 -> 0 | P89: =1.5*$N$89*$O$89*J89/1000 -> 0 | Q89: =1.5*$N$89*$O$89*K89/1000 -> 0 | R89: =F89/P89 -> #DIV/0! | S89: =H89/Q89 -> #DIV/0!
H90: =F90/C90 -> #DIV/0! | I90: =G90/C90 -> #DIV/0! | J90: =$C$16 -> 0.76 | K90: =$I$16 -> 1.14 | M90: =PI()*(D90+E90) -> 0 | N90: =MIN(L90,M90) -> 0 | O90: =E90*7/8 -> 0 | P90: =1.5*$N$90*$O$90*J90/1000 -> 0 | Q90: =1.5*$N$90*$O$90*K90/1000 -> 0 | R90: =F90/P90 -> #DIV/0! | S90: =H90/Q90 -> #DIV/0!
H91: =F91/C91 -> #DIV/0! | I91: =G91/C91 -> #DIV/0! | J91: =$C$16 -> 0.76 | K91: =$I$16 -> 1.14 | M91: =PI()*(D91+E91) -> 0 | N91: =MIN(L91,M91) -> 0 | O91: =E91*7/8 -> 0 | P91: =1.5*$N$91*$O$91*J91/1000 -> 0 | Q91: =1.5*$N$91*$O$91*K91/1000 -> 0 | R91: =F91/P91 -> #DIV/0! | S91: =H91/Q91 -> #DIV/0!
H92: =F92/C92 -> #DIV/0! | I92: =G92/C92 -> #DIV/0! | J92: =$C$16 -> 0.76 | K92: =$I$16 -> 1.14 | M92: =PI()*(D92+E92) -> 0 | N92: =MIN(L92,M92) -> 0 | O92: =E92*7/8 -> 0 | P92: =1.5*$N$86*$O$86*J92/1000 -> 6059.8125 | Q92: =1.5*$N$86*$O$86*K92/1000 -> 9089.7188 | R92: =F92/P92 -> 0 | S92: =H92/Q92 -> #DIV/0!
H93: =F93/C93 -> #DIV/0! | I93: =G93/C93 -> #DIV/0! | J93: =$C$16 -> 0.76 | K93: =$I$16 -> 1.14 | M93: =PI()*(D93+E93) -> 0 | N93: =MIN(L93,M93) -> 0 | O93: =E93*7/8 -> 0 | P93: =1.5*$N$86*$O$86*J93/1000 -> 6059.8125 | Q93: =1.5*$N$86*$O$86*K93/1000 -> 9089.7188 | R93: =F93/P93 -> 0 | S93: =H93/Q93 -> #DIV/0!
E94: d=H-150
B95: ○パンチングシアの検討結果
B97: =IF(ISBLANK(B84),"",B84) -> 記号 | C97: フーチング | E97: 採用b0 | G97: 長期 | H97: 短期 | I97: 長期検定 | J97: 短期検定 | K97: =IF(ISBLANK(T84),"",T84)
C98: 周長b1 (mm) | D98: b0 (mm) | E98: min (b0,b1) | F98: j (mm) | G98: QPA (kN) | H98: QPA (kN) | I98: (Nl/np) /QPA | J98: (Ns/np) /QPA | K98: =IF(ISBLANK(T85),"",T85)
B99: =IF(ISBLANK(B86),"",B86) -> F11 | C99: =IF(ISBLANK(L86),"",L86) -> 4500 | D99: =IF(ISBLANK(M86),"",M86) -> 7068.5835 | E99: =IF(ISBLANK(N86),"",N86) -> 4500 | F99: =IF(ISBLANK(O86),"",O86) -> 1181.25 | G99: =IF(ISBLANK(P86),"",P86) -> 6059.8125 | H99: =IF(ISBLANK(Q86),"",Q86) -> 9089.7188 | I99: =IF(ISBLANK(R86),"",R86) -> 0.69970812 | J99: =IF(ISBLANK(S86),"",S86) -> 0.56804288
B100: =IF(ISBLANK(B87),"",B87) -> F21,F21B,F21C | C100: =IF(ISBLANK(L87),"",L87) -> 4000 | D100: =IF(ISBLANK(M87),"",M87) -> 6754.4242 | E100: =IF(ISBLANK(N87),"",N87) -> 4000 | F100: =IF(ISBLANK(O87),"",O87) -> 1181.25 | G100: =IF(ISBLANK(P87),"",P87) -> 5386.5 | H100: =IF(ISBLANK(Q87),"",Q87) -> 8079.75 | I100: =IF(ISBLANK(R87),"",R87) -> 0.59261116 | J100: =IF(ISBLANK(S87),"",S87) -> 0.39507411
B101: =IF(ISBLANK(B88),"",B88) | C101: =IF(ISBLANK(L88),"",L88) | D101: =IF(ISBLANK(M88),"",M88) -> 0 | E101: =IF(ISBLANK(N88),"",N88) -> 0 | F101: =IF(ISBLANK(O88),"",O88) -> 0 | G101: =IF(ISBLANK(P88),"",P88) -> 0 | H101: =IF(ISBLANK(Q88),"",Q88) -> 0 | I101: =IF(ISBLANK(R88),"",R88) -> #DIV/0! | J101: =IF(ISBLANK(S88),"",S88) -> #DIV/0!
B102: =IF(ISBLANK(B89),"",B89) | C102: =IF(ISBLANK(L89),"",L89) | D102: =IF(ISBLANK(M89),"",M89) -> 0 | E102: =IF(ISBLANK(N89),"",N89) -> 0 | F102: =IF(ISBLANK(O89),"",O89) -> 0 | G102: =IF(ISBLANK(P89),"",P89) -> 0 | H102: =IF(ISBLANK(Q89),"",Q89) -> 0 | I102: =IF(ISBLANK(R89),"",R89) -> #DIV/0! | J102: =IF(ISBLANK(S89),"",S89) -> #DIV/0!
B103: =IF(ISBLANK(B90),"",B90) | C103: =IF(ISBLANK(L90),"",L90) | D103: =IF(ISBLANK(M90),"",M90) -> 0 | E103: =IF(ISBLANK(N90),"",N90) -> 0 | F103: =IF(ISBLANK(O90),"",O90) -> 0 | G103: =IF(ISBLANK(P90),"",P90) -> 0 | H103: =IF(ISBLANK(Q90),"",Q90) -> 0 | I103: =IF(ISBLANK(R90),"",R90) -> #DIV/0! | J103: =IF(ISBLANK(S90),"",S90) -> #DIV/0!
B104: =IF(ISBLANK(B91),"",B91) | C104: =IF(ISBLANK(L91),"",L91) | D104: =IF(ISBLANK(M91),"",M91) -> 0 | E104: =IF(ISBLANK(N91),"",N91) -> 0 | F104: =IF(ISBLANK(O91),"",O91) -> 0 | G104: =IF(ISBLANK(P91),"",P91) -> 0 | H104: =IF(ISBLANK(Q91),"",Q91) -> 0 | I104: =IF(ISBLANK(R91),"",R91) -> #DIV/0! | J104: =IF(ISBLANK(S91),"",S91) -> #DIV/0!
B105: =IF(ISBLANK(B92),"",B92) | C105: =IF(ISBLANK(L92),"",L92) | D105: =IF(ISBLANK(M92),"",M92) -> 0 | E105: =IF(ISBLANK(N92),"",N92) -> 0 | F105: =IF(ISBLANK(O92),"",O92) -> 0 | G105: =IF(ISBLANK(P92),"",P92) -> 6059.8125 | H105: =IF(ISBLANK(Q92),"",Q92) -> 9089.7188 | I105: =IF(ISBLANK(R92),"",R92) -> 0 | J105: =IF(ISBLANK(S92),"",S92) -> #DIV/0!
B106: =IF(ISBLANK(B93),"",B93) | C106: =IF(ISBLANK(L93),"",L93) | D106: =IF(ISBLANK(M93),"",M93) -> 0 | E106: =IF(ISBLANK(N93),"",N93) -> 0 | F106: =IF(ISBLANK(O93),"",O93) -> 0 | G106: =IF(ISBLANK(P93),"",P93) -> 6059.8125 | H106: =IF(ISBLANK(Q93),"",Q93) -> 9089.7188 | I106: =IF(ISBLANK(R93),"",R93) -> 0 | J106: =IF(ISBLANK(S93),"",S93) -> #DIV/0!
AC107: D6 | AD107: 0.249 | AE107: 32 | AF107: 20 | AJ107: 別 | AK107: 長期 | AN107: 杭あき
AC108: D10 | AD108: 0.56 | AE108: 71 | AF108: 30 | AK108: 引張・圧縮 | AL108: 剪断補強 | AM108: 剪断補強 | AN108: 1675
AJ109: SR235 | AK109: 155 | AL109: 155 | AM109: 235 | AN109: 1675
AC110: D13 | AD110: 0.995 | AE110: 127 | AF110: 40 | AJ110: SR295 | AK110: 155 | AL110: 195 | AM110: 295 | AN110: 1675
AJ111: SD295A・B | AK111: 195 | AL111: 195 | AM111: 295 | AN111: 1400
AC112: D16 | AD112: 1.56 | AE112: 199 | AF112: 50 | AJ112: SD345 | AK112: 215 ( * 195 ) | AL112: 195 | AM112: 345 | AN112: 1400
AJ113: SD390 | AK113: 215 ( * 195 ) | AL113: 195 | AM113: 390 | AN113: 1400
AC114: D19 | AD114: 2.25 | AE114: 287 | AF114: 60 | AJ114: SD490 | AK114: 215 ( * 195 ) | AL114: 195 | AM114: 490 | AN114: 1425
...
